season,round,event_id,race_id,race_name,track_id,track_name,track_primary_family,track_cluster_id,race_date,driver_id,driver_name,car_number,owner_id,owner_name,manufacturer_id,manufacturer,model,predicted_position_score,predicted_speed_deficit_pct,qualifying_route,predicted_qualifying_rank
2026,21,cup_2026_r21,5618,Window World 450,north_wilkesboro_speedway,North Wilkesboro Speedway,short_track,cluster_6,2026-07-19,ross_chastain,Ross Chastain,1,trackhouse_racing,Trackhouse Racing,chevrolet,Chevrolet,recency_baseline,18.288309687399117,1.2114245230980156,overall,18
2026,21,cup_2026_r21,5618,Window World 450,north_wilkesboro_speedway,North Wilkesboro Speedway,short_track,cluster_6,2026-07-19,austin_cindric,Austin Cindric,2,team_penske,Team Penske,ford,Ford,recency_baseline,18.93018319772275,1.2114245230980156,overall,19
2026,21,cup_2026_r21,5618,Window World 450,north_wilkesboro_speedway,North Wilkesboro Speedway,short_track,cluster_6,2026-07-19,austin_dillon,Austin Dillon,3,richard_childress_racing,Richard Childress Racing,chevrolet,Chevrolet,recency_baseline,21.699080276862645,1.2114245230980156,overall,25
2026,21,cup_2026_r21,5618,Window World 450,north_wilkesboro_speedway,North Wilkesboro Speedway,short_track,cluster_6,2026-07-19,noah_gragson,Noah Gragson,4,front_row_motorsports,Front Row Motorsports,ford,Ford,recency_baseline,29.911903030567462,1.2114245230980156,overall,35
2026,21,cup_2026_r21,5618,Window World 450,north_wilkesboro_speedway,North Wilkesboro Speedway,short_track,cluster_6,2026-07-19,kyle_larson,Kyle Larson,5,hendrick_motorsports,Hendrick Motorsports,chevrolet,Chevrolet,recency_baseline,7.373441066186268,1.2114245230980156,overall,1
2026,21,cup_2026_r21,5618,Window World 450,north_wilkesboro_speedway,North Wilkesboro Speedway,short_track,cluster_6,2026-07-19,brad_keselowski,Brad Keselowski,6,rfk_racing,RFK Racing,ford,Ford,recency_baseline,20.7788750186403,1.2114245230980156,overall,23
2026,21,cup_2026_r21,5618,Window World 450,north_wilkesboro_speedway,North Wilkesboro Speedway,short_track,cluster_6,2026-07-19,daniel_suarez,Daniel Suarez,7,spire_motorsports,Spire Motorsports,chevrolet,Chevrolet,recency_baseline,13.085117209075529,1.2114245230980156,overall,9
2026,21,cup_2026_r21,5618,Window World 450,north_wilkesboro_speedway,North Wilkesboro Speedway,short_track,cluster_6,2026-07-19,chase_elliott,Chase Elliott,9,hendrick_motorsports,Hendrick Motorsports,chevrolet,Chevrolet,recency_baseline,15.464316166103865,1.2114245230980156,overall,11
2026,21,cup_2026_r21,5618,Window World 450,north_wilkesboro_speedway,North Wilkesboro Speedway,short_track,cluster_6,2026-07-19,ty_dillon,Ty Dillon,10,kaulig_racing,Kaulig Racing,chevrolet,Chevrolet,recency_baseline,28.963166150224644,1.2114245230980156,overall,34
2026,21,cup_2026_r21,5618,Window World 450,north_wilkesboro_speedway,North Wilkesboro Speedway,short_track,cluster_6,2026-07-19,denny_hamlin,Denny Hamlin,11,joe_gibbs_racing,Joe Gibbs Racing,toyota,Toyota,recency_baseline,10.41442279777852,1.2114245230980156,overall,4
2026,21,cup_2026_r21,5618,Window World 450,north_wilkesboro_speedway,North Wilkesboro Speedway,short_track,cluster_6,2026-07-19,ryan_blaney,Ryan Blaney,12,team_penske,Team Penske,ford,Ford,recency_baseline,10.323367241584567,1.2114245230980156,overall,3
2026,21,cup_2026_r21,5618,Window World 450,north_wilkesboro_speedway,North Wilkesboro Speedway,short_track,cluster_6,2026-07-19,aj_allmendinger,A.J. Allmendinger,16,kaulig_racing,Kaulig Racing,chevrolet,Chevrolet,recency_baseline,19.02992591217119,1.2114245230980156,overall,20
2026,21,cup_2026_r21,5618,Window World 450,north_wilkesboro_speedway,North Wilkesboro Speedway,short_track,cluster_6,2026-07-19,chris_buescher,Chris Buescher,17,rfk_racing,RFK Racing,ford,Ford,recency_baseline,11.75633859431979,1.2114245230980156,overall,6
2026,21,cup_2026_r21,5618,Window World 450,north_wilkesboro_speedway,North Wilkesboro Speedway,short_track,cluster_6,2026-07-19,chase_briscoe,Chase Briscoe,19,joe_gibbs_racing,Joe Gibbs Racing,toyota,Toyota,recency_baseline,11.952614180596507,1.2114245230980156,overall,8
2026,21,cup_2026_r21,5618,Window World 450,north_wilkesboro_speedway,North Wilkesboro Speedway,short_track,cluster_6,2026-07-19,christopher_bell,Christopher Bell,20,joe_gibbs_racing,Joe Gibbs Racing,toyota,Toyota,recency_baseline,15.787127196229699,1.2114245230980156,overall,13
2026,21,cup_2026_r21,5618,Window World 450,north_wilkesboro_speedway,North Wilkesboro Speedway,short_track,cluster_6,2026-07-19,josh_berry,Josh Berry,21,wood_brothers_racing,Wood Brothers Racing,ford,Ford,recency_baseline,25.914026756467003,1.2114245230980156,overall,33
2026,21,cup_2026_r21,5618,Window World 450,north_wilkesboro_speedway,North Wilkesboro Speedway,short_track,cluster_6,2026-07-19,joey_logano,Joey Logano,22,team_penske,Team Penske,ford,Ford,recency_baseline,15.504086984572899,1.2114245230980156,overall,12
2026,21,cup_2026_r21,5618,Window World 450,north_wilkesboro_speedway,North Wilkesboro Speedway,short_track,cluster_6,2026-07-19,bubba_wallace,Bubba Wallace,23,23xi_racing,23XI Racing,toyota,Toyota,recency_baseline,18.14964574675226,1.2114245230980156,overall,16
2026,21,cup_2026_r21,5618,Window World 450,north_wilkesboro_speedway,North Wilkesboro Speedway,short_track,cluster_6,2026-07-19,william_byron,William Byron,24,hendrick_motorsports,Hendrick Motorsports,chevrolet,Chevrolet,recency_baseline,15.140808011148158,1.2114245230980156,overall,10
2026,21,cup_2026_r21,5618,Window World 450,north_wilkesboro_speedway,North Wilkesboro Speedway,short_track,cluster_6,2026-07-19,austin_hill,Austin Hill,33,richard_childress_racing,Richard Childress Racing,chevrolet,Chevrolet,recency_baseline,25.589529616471395,1.2114245230980156,overall,32
2026,21,cup_2026_r21,5618,Window World 450,north_wilkesboro_speedway,North Wilkesboro Speedway,short_track,cluster_6,2026-07-19,todd_gilliland,Todd Gilliland,34,front_row_motorsports,Front Row Motorsports,ford,Ford,recency_baseline,24.933068523387828,1.2114245230980156,overall,30
2026,21,cup_2026_r21,5618,Window World 450,north_wilkesboro_speedway,North Wilkesboro Speedway,short_track,cluster_6,2026-07-19,riley_herbst,Riley Herbst,35,23xi_racing,23XI Racing,toyota,Toyota,recency_baseline,22.83781722424106,1.2114245230980156,overall,27
2026,21,cup_2026_r21,5618,Window World 450,north_wilkesboro_speedway,North Wilkesboro Speedway,short_track,cluster_6,2026-07-19,zane_smith,Zane Smith,38,front_row_motorsports,Front Row Motorsports,ford,Ford,recency_baseline,20.543175741747927,1.2114245230980156,overall,22
2026,21,cup_2026_r21,5618,Window World 450,north_wilkesboro_speedway,North Wilkesboro Speedway,short_track,cluster_6,2026-07-19,cole_custer,Cole Custer,41,haas_factory_team,Haas Factory Team,chevrolet,Chevrolet,recency_baseline,25.394786318223886,1.2114245230980156,overall,31
2026,21,cup_2026_r21,5618,Window World 450,north_wilkesboro_speedway,North Wilkesboro Speedway,short_track,cluster_6,2026-07-19,john_hunter_nemechek,John Hunter Nemechek,42,legacy_motor_club,Legacy Motor Club,toyota,Toyota,recency_baseline,22.168218473042504,1.2114245230980156,overall,26
2026,21,cup_2026_r21,5618,Window World 450,north_wilkesboro_speedway,North Wilkesboro Speedway,short_track,cluster_6,2026-07-19,erik_jones,Erik Jones,43,legacy_motor_club,Legacy Motor Club,toyota,Toyota,recency_baseline,21.005840654475723,1.2114245230980156,overall,24
2026,21,cup_2026_r21,5618,Window World 450,north_wilkesboro_speedway,North Wilkesboro Speedway,short_track,cluster_6,2026-07-19,tyler_reddick,Tyler Reddick,45,23xi_racing,23XI Racing,toyota,Toyota,recency_baseline,11.475399070077788,1.2114245230980156,overall,5
2026,21,cup_2026_r21,5618,Window World 450,north_wilkesboro_speedway,North Wilkesboro Speedway,short_track,cluster_6,2026-07-19,ricky_stenhouse_jr,Ricky Stenhouse Jr.,47,hyak_motorsports,Hyak Motorsports,chevrolet,Chevrolet,recency_baseline,24.04842725062024,1.2114245230980156,overall,29
2026,21,cup_2026_r21,5618,Window World 450,north_wilkesboro_speedway,North Wilkesboro Speedway,short_track,cluster_6,2026-07-19,alex_bowman,Alex Bowman,48,hendrick_motorsports,Hendrick Motorsports,chevrolet,Chevrolet,recency_baseline,18.17766769268716,1.2114245230980156,overall,17
2026,21,cup_2026_r21,5618,Window World 450,north_wilkesboro_speedway,North Wilkesboro Speedway,short_track,cluster_6,2026-07-19,cody_ware,Cody Ware,51,rick_ware_racing,Rick Ware Racing,chevrolet,Chevrolet,recency_baseline,34.97589771983741,1.2114245230980156,overall,36
2026,21,cup_2026_r21,5618,Window World 450,north_wilkesboro_speedway,North Wilkesboro Speedway,short_track,cluster_6,2026-07-19,ty_gibbs,Ty Gibbs,54,joe_gibbs_racing,Joe Gibbs Racing,toyota,Toyota,recency_baseline,9.20146038189539,1.2114245230980156,overall,2
2026,21,cup_2026_r21,5618,Window World 450,north_wilkesboro_speedway,North Wilkesboro Speedway,short_track,cluster_6,2026-07-19,ryan_preece,Ryan Preece,60,rfk_racing,RFK Racing,ford,Ford,recency_baseline,19.75460186550014,1.2114245230980156,overall,21
2026,21,cup_2026_r21,5618,Window World 450,north_wilkesboro_speedway,North Wilkesboro Speedway,short_track,cluster_6,2026-07-19,chad_finchum,Chad Finchum,66,garage_66,Garage 66,ford,Ford,recency_baseline,37.6752988045599,1.2114245230980156,overall,38
2026,21,cup_2026_r21,5618,Window World 450,north_wilkesboro_speedway,North Wilkesboro Speedway,short_track,cluster_6,2026-07-19,michael_mcdowell,Michael McDowell,71,spire_motorsports,Spire Motorsports,chevrolet,Chevrolet,recency_baseline,16.657107296828645,1.2114245230980156,overall,14
2026,21,cup_2026_r21,5618,Window World 450,north_wilkesboro_speedway,North Wilkesboro Speedway,short_track,cluster_6,2026-07-19,carson_hocevar,Carson Hocevar,77,spire_motorsports,Spire Motorsports,chevrolet,Chevrolet,recency_baseline,11.798793758364491,1.2114245230980156,overall,7
2026,21,cup_2026_r21,5618,Window World 450,north_wilkesboro_speedway,North Wilkesboro Speedway,short_track,cluster_6,2026-07-19,bj_mcleod,B.J. McLeod,78,live_fast_motorsports,Live Fast Motorsports,chevrolet,Chevrolet,recency_baseline,36.990764472888934,1.2114245230980156,overall,37
2026,21,cup_2026_r21,5618,Window World 450,north_wilkesboro_speedway,North Wilkesboro Speedway,short_track,cluster_6,2026-07-19,connor_zilisch,Connor Zilisch,88,trackhouse_racing,Trackhouse Racing,chevrolet,Chevrolet,recency_baseline,23.52409647927075,1.2114245230980156,overall,28
2026,21,cup_2026_r21,5618,Window World 450,north_wilkesboro_speedway,North Wilkesboro Speedway,short_track,cluster_6,2026-07-19,shane_van_gisbergen,Shane van Gisbergen,97,trackhouse_racing,Trackhouse Racing,chevrolet,Chevrolet,recency_baseline,17.402845407368787,1.2114245230980156,overall,15
2026,21,cup_2026_r21,5618,Window World 450,north_wilkesboro_speedway,North Wilkesboro Speedway,short_track,cluster_6,2026-07-19,ross_chastain,Ross Chastain,1,trackhouse_racing,Trackhouse Racing,chevrolet,Chevrolet,xgb_owner_track,16.41231918334961,1.128429651260376,overall,16
2026,21,cup_2026_r21,5618,Window World 450,north_wilkesboro_speedway,North Wilkesboro Speedway,short_track,cluster_6,2026-07-19,austin_cindric,Austin Cindric,2,team_penske,Team Penske,ford,Ford,xgb_owner_track,10.402397155761719,0.9465909600257874,overall,5
2026,21,cup_2026_r21,5618,Window World 450,north_wilkesboro_speedway,North Wilkesboro Speedway,short_track,cluster_6,2026-07-19,austin_dillon,Austin Dillon,3,richard_childress_racing,Richard Childress Racing,chevrolet,Chevrolet,xgb_owner_track,21.61159896850586,1.4567813873291016,overall,23
2026,21,cup_2026_r21,5618,Window World 450,north_wilkesboro_speedway,North Wilkesboro Speedway,short_track,cluster_6,2026-07-19,noah_gragson,Noah Gragson,4,front_row_motorsports,Front Row Motorsports,ford,Ford,xgb_owner_track,28.229299545288086,1.8639461994171143,overall,33
2026,21,cup_2026_r21,5618,Window World 450,north_wilkesboro_speedway,North Wilkesboro Speedway,short_track,cluster_6,2026-07-19,kyle_larson,Kyle Larson,5,hendrick_motorsports,Hendrick Motorsports,chevrolet,Chevrolet,xgb_owner_track,10.100105285644531,0.9465909600257874,overall,4
2026,21,cup_2026_r21,5618,Window World 450,north_wilkesboro_speedway,North Wilkesboro Speedway,short_track,cluster_6,2026-07-19,brad_keselowski,Brad Keselowski,6,rfk_racing,RFK Racing,ford,Ford,xgb_owner_track,19.11337661743164,1.0083777904510498,overall,21
2026,21,cup_2026_r21,5618,Window World 450,north_wilkesboro_speedway,North Wilkesboro Speedway,short_track,cluster_6,2026-07-19,daniel_suarez,Daniel Suarez,7,spire_motorsports,Spire Motorsports,chevrolet,Chevrolet,xgb_owner_track,16.990039825439453,1.3522498607635498,overall,17
2026,21,cup_2026_r21,5618,Window World 450,north_wilkesboro_speedway,North Wilkesboro Speedway,short_track,cluster_6,2026-07-19,chase_elliott,Chase Elliott,9,hendrick_motorsports,Hendrick Motorsports,chevrolet,Chevrolet,xgb_owner_track,12.062217712402344,0.9465909600257874,overall,8
2026,21,cup_2026_r21,5618,Window World 450,north_wilkesboro_speedway,North Wilkesboro Speedway,short_track,cluster_6,2026-07-19,ty_dillon,Ty Dillon,10,kaulig_racing,Kaulig Racing,chevrolet,Chevrolet,xgb_owner_track,28.441030502319336,1.7993950843811035,overall,34
2026,21,cup_2026_r21,5618,Window World 450,north_wilkesboro_speedway,North Wilkesboro Speedway,short_track,cluster_6,2026-07-19,denny_hamlin,Denny Hamlin,11,joe_gibbs_racing,Joe Gibbs Racing,toyota,Toyota,xgb_owner_track,8.752188682556152,1.9331066608428955,overall,2
2026,21,cup_2026_r21,5618,Window World 450,north_wilkesboro_speedway,North Wilkesboro Speedway,short_track,cluster_6,2026-07-19,ryan_blaney,Ryan Blaney,12,team_penske,Team Penske,ford,Ford,xgb_owner_track,9.950604438781738,0.9465909600257874,overall,3
2026,21,cup_2026_r21,5618,Window World 450,north_wilkesboro_speedway,North Wilkesboro Speedway,short_track,cluster_6,2026-07-19,aj_allmendinger,A.J. Allmendinger,16,kaulig_racing,Kaulig Racing,chevrolet,Chevrolet,xgb_owner_track,19.26970100402832,1.517264485359192,overall,22
2026,21,cup_2026_r21,5618,Window World 450,north_wilkesboro_speedway,North Wilkesboro Speedway,short_track,cluster_6,2026-07-19,chris_buescher,Chris Buescher,17,rfk_racing,RFK Racing,ford,Ford,xgb_owner_track,16.389556884765625,1.0648057460784912,overall,15
2026,21,cup_2026_r21,5618,Window World 450,north_wilkesboro_speedway,North Wilkesboro Speedway,short_track,cluster_6,2026-07-19,chase_briscoe,Chase Briscoe,19,joe_gibbs_racing,Joe Gibbs Racing,toyota,Toyota,xgb_owner_track,11.274656295776367,1.9331066608428955,overall,7
2026,21,cup_2026_r21,5618,Window World 450,north_wilkesboro_speedway,North Wilkesboro Speedway,short_track,cluster_6,2026-07-19,christopher_bell,Christopher Bell,20,joe_gibbs_racing,Joe Gibbs Racing,toyota,Toyota,xgb_owner_track,13.364542007446289,1.9331066608428955,overall,10
2026,21,cup_2026_r21,5618,Window World 450,north_wilkesboro_speedway,North Wilkesboro Speedway,short_track,cluster_6,2026-07-19,josh_berry,Josh Berry,21,wood_brothers_racing,Wood Brothers Racing,ford,Ford,xgb_owner_track,24.81909942626953,1.2165603637695313,overall,31
2026,21,cup_2026_r21,5618,Window World 450,north_wilkesboro_speedway,North Wilkesboro Speedway,short_track,cluster_6,2026-07-19,joey_logano,Joey Logano,22,team_penske,Team Penske,ford,Ford,xgb_owner_track,14.77839469909668,0.9697812795639038,overall,12
2026,21,cup_2026_r21,5618,Window World 450,north_wilkesboro_speedway,North Wilkesboro Speedway,short_track,cluster_6,2026-07-19,bubba_wallace,Bubba Wallace,23,23xi_racing,23XI Racing,toyota,Toyota,xgb_owner_track,15.589454650878906,0.9465909600257874,overall,14
2026,21,cup_2026_r21,5618,Window World 450,north_wilkesboro_speedway,North Wilkesboro Speedway,short_track,cluster_6,2026-07-19,william_byron,William Byron,24,hendrick_motorsports,Hendrick Motorsports,chevrolet,Chevrolet,xgb_owner_track,12.745064735412598,0.9465909600257874,overall,9
2026,21,cup_2026_r21,5618,Window World 450,north_wilkesboro_speedway,North Wilkesboro Speedway,short_track,cluster_6,2026-07-19,austin_hill,Austin Hill,33,richard_childress_racing,Richard Childress Racing,chevrolet,Chevrolet,xgb_owner_track,28.85321807861328,1.954953908920288,overall,35
2026,21,cup_2026_r21,5618,Window World 450,north_wilkesboro_speedway,North Wilkesboro Speedway,short_track,cluster_6,2026-07-19,todd_gilliland,Todd Gilliland,34,front_row_motorsports,Front Row Motorsports,ford,Ford,xgb_owner_track,23.24093246459961,1.520346999168396,overall,28
2026,21,cup_2026_r21,5618,Window World 450,north_wilkesboro_speedway,North Wilkesboro Speedway,short_track,cluster_6,2026-07-19,riley_herbst,Riley Herbst,35,23xi_racing,23XI Racing,toyota,Toyota,xgb_owner_track,21.62026596069336,1.6544103622436523,overall,24
2026,21,cup_2026_r21,5618,Window World 450,north_wilkesboro_speedway,North Wilkesboro Speedway,short_track,cluster_6,2026-07-19,zane_smith,Zane Smith,38,front_row_motorsports,Front Row Motorsports,ford,Ford,xgb_owner_track,23.011028289794922,1.3872454166412354,overall,26
2026,21,cup_2026_r21,5618,Window World 450,north_wilkesboro_speedway,North Wilkesboro Speedway,short_track,cluster_6,2026-07-19,cole_custer,Cole Custer,41,haas_factory_team,Haas Factory Team,chevrolet,Chevrolet,xgb_owner_track,24.953493118286133,1.5506807565689087,overall,32
2026,21,cup_2026_r21,5618,Window World 450,north_wilkesboro_speedway,North Wilkesboro Speedway,short_track,cluster_6,2026-07-19,john_hunter_nemechek,John Hunter Nemechek,42,legacy_motor_club,Legacy Motor Club,toyota,Toyota,xgb_owner_track,24.788949966430664,1.6089049577713013,overall,30
2026,21,cup_2026_r21,5618,Window World 450,north_wilkesboro_speedway,North Wilkesboro Speedway,short_track,cluster_6,2026-07-19,erik_jones,Erik Jones,43,legacy_motor_club,Legacy Motor Club,toyota,Toyota,xgb_owner_track,23.148448944091797,1.6089049577713013,overall,27
2026,21,cup_2026_r21,5618,Window World 450,north_wilkesboro_speedway,North Wilkesboro Speedway,short_track,cluster_6,2026-07-19,tyler_reddick,Tyler Reddick,45,23xi_racing,23XI Racing,toyota,Toyota,xgb_owner_track,14.518810272216797,0.9465909600257874,overall,11
2026,21,cup_2026_r21,5618,Window World 450,north_wilkesboro_speedway,North Wilkesboro Speedway,short_track,cluster_6,2026-07-19,ricky_stenhouse_jr,Ricky Stenhouse Jr.,47,hyak_motorsports,Hyak Motorsports,chevrolet,Chevrolet,xgb_owner_track,22.2408504486084,1.5060863494873047,overall,25
2026,21,cup_2026_r21,5618,Window World 450,north_wilkesboro_speedway,North Wilkesboro Speedway,short_track,cluster_6,2026-07-19,alex_bowman,Alex Bowman,48,hendrick_motorsports,Hendrick Motorsports,chevrolet,Chevrolet,xgb_owner_track,15.112754821777344,0.9465909600257874,overall,13
2026,21,cup_2026_r21,5618,Window World 450,north_wilkesboro_speedway,North Wilkesboro Speedway,short_track,cluster_6,2026-07-19,cody_ware,Cody Ware,51,rick_ware_racing,Rick Ware Racing,chevrolet,Chevrolet,xgb_owner_track,34.02298355102539,4.049949645996094,overall,36
2026,21,cup_2026_r21,5618,Window World 450,north_wilkesboro_speedway,North Wilkesboro Speedway,short_track,cluster_6,2026-07-19,ty_gibbs,Ty Gibbs,54,joe_gibbs_racing,Joe Gibbs Racing,toyota,Toyota,xgb_owner_track,8.257859230041504,1.9331066608428955,overall,1
2026,21,cup_2026_r21,5618,Window World 450,north_wilkesboro_speedway,North Wilkesboro Speedway,short_track,cluster_6,2026-07-19,ryan_preece,Ryan Preece,60,rfk_racing,RFK Racing,ford,Ford,xgb_owner_track,18.551122665405273,1.0479214191436768,overall,20
2026,21,cup_2026_r21,5618,Window World 450,north_wilkesboro_speedway,North Wilkesboro Speedway,short_track,cluster_6,2026-07-19,chad_finchum,Chad Finchum,66,garage_66,Garage 66,ford,Ford,xgb_owner_track,36.546939849853516,4.359681606292725,overall,38
2026,21,cup_2026_r21,5618,Window World 450,north_wilkesboro_speedway,North Wilkesboro Speedway,short_track,cluster_6,2026-07-19,michael_mcdowell,Michael McDowell,71,spire_motorsports,Spire Motorsports,chevrolet,Chevrolet,xgb_owner_track,17.318782806396484,1.287922739982605,overall,18
2026,21,cup_2026_r21,5618,Window World 450,north_wilkesboro_speedway,North Wilkesboro Speedway,short_track,cluster_6,2026-07-19,carson_hocevar,Carson Hocevar,77,spire_motorsports,Spire Motorsports,chevrolet,Chevrolet,xgb_owner_track,11.006999015808105,0.9701600074768066,overall,6
2026,21,cup_2026_r21,5618,Window World 450,north_wilkesboro_speedway,North Wilkesboro Speedway,short_track,cluster_6,2026-07-19,bj_mcleod,B.J. McLeod,78,live_fast_motorsports,Live Fast Motorsports,chevrolet,Chevrolet,xgb_owner_track,35.79030990600586,4.12746524810791,overall,37
2026,21,cup_2026_r21,5618,Window World 450,north_wilkesboro_speedway,North Wilkesboro Speedway,short_track,cluster_6,2026-07-19,connor_zilisch,Connor Zilisch,88,trackhouse_racing,Trackhouse Racing,chevrolet,Chevrolet,xgb_owner_track,24.6516170501709,1.7166707515716553,overall,29
2026,21,cup_2026_r21,5618,Window World 450,north_wilkesboro_speedway,North Wilkesboro Speedway,short_track,cluster_6,2026-07-19,shane_van_gisbergen,Shane van Gisbergen,97,trackhouse_racing,Trackhouse Racing,chevrolet,Chevrolet,xgb_owner_track,17.771617889404297,1.5960273742675781,overall,19
2026,21,cup_2026_r21,5618,Window World 450,north_wilkesboro_speedway,North Wilkesboro Speedway,short_track,cluster_6,2026-07-19,ross_chastain,Ross Chastain,1,trackhouse_racing,Trackhouse Racing,chevrolet,Chevrolet,xgb_no_owner,17.13504981994629,1.1030772924423218,overall_no_owner,16
2026,21,cup_2026_r21,5618,Window World 450,north_wilkesboro_speedway,North Wilkesboro Speedway,short_track,cluster_6,2026-07-19,austin_cindric,Austin Cindric,2,team_penske,Team Penske,ford,Ford,xgb_no_owner,12.858098983764648,1.0273704528808594,overall_no_owner,10
2026,21,cup_2026_r21,5618,Window World 450,north_wilkesboro_speedway,North Wilkesboro Speedway,short_track,cluster_6,2026-07-19,austin_dillon,Austin Dillon,3,richard_childress_racing,Richard Childress Racing,chevrolet,Chevrolet,xgb_no_owner,21.852802276611328,1.3816264867782593,overall_no_owner,24
2026,21,cup_2026_r21,5618,Window World 450,north_wilkesboro_speedway,North Wilkesboro Speedway,short_track,cluster_6,2026-07-19,noah_gragson,Noah Gragson,4,front_row_motorsports,Front Row Motorsports,ford,Ford,xgb_no_owner,29.1102237701416,2.118088722229004,overall_no_owner,35
2026,21,cup_2026_r21,5618,Window World 450,north_wilkesboro_speedway,North Wilkesboro Speedway,short_track,cluster_6,2026-07-19,kyle_larson,Kyle Larson,5,hendrick_motorsports,Hendrick Motorsports,chevrolet,Chevrolet,xgb_no_owner,11.805485725402832,0.9628157615661621,overall_no_owner,6
2026,21,cup_2026_r21,5618,Window World 450,north_wilkesboro_speedway,North Wilkesboro Speedway,short_track,cluster_6,2026-07-19,brad_keselowski,Brad Keselowski,6,rfk_racing,RFK Racing,ford,Ford,xgb_no_owner,19.767953872680664,1.038565754890442,overall_no_owner,20
2026,21,cup_2026_r21,5618,Window World 450,north_wilkesboro_speedway,North Wilkesboro Speedway,short_track,cluster_6,2026-07-19,daniel_suarez,Daniel Suarez,7,spire_motorsports,Spire Motorsports,chevrolet,Chevrolet,xgb_no_owner,17.767587661743164,1.3256820440292358,overall_no_owner,18
2026,21,cup_2026_r21,5618,Window World 450,north_wilkesboro_speedway,North Wilkesboro Speedway,short_track,cluster_6,2026-07-19,chase_elliott,Chase Elliott,9,hendrick_motorsports,Hendrick Motorsports,chevrolet,Chevrolet,xgb_no_owner,12.001338958740234,0.9628157615661621,overall_no_owner,9
2026,21,cup_2026_r21,5618,Window World 450,north_wilkesboro_speedway,North Wilkesboro Speedway,short_track,cluster_6,2026-07-19,ty_dillon,Ty Dillon,10,kaulig_racing,Kaulig Racing,chevrolet,Chevrolet,xgb_no_owner,28.037006378173828,1.84780752658844,overall_no_owner,34
2026,21,cup_2026_r21,5618,Window World 450,north_wilkesboro_speedway,North Wilkesboro Speedway,short_track,cluster_6,2026-07-19,denny_hamlin,Denny Hamlin,11,joe_gibbs_racing,Joe Gibbs Racing,toyota,Toyota,xgb_no_owner,9.83477783203125,0.9628157615661621,overall_no_owner,3
2026,21,cup_2026_r21,5618,Window World 450,north_wilkesboro_speedway,North Wilkesboro Speedway,short_track,cluster_6,2026-07-19,ryan_blaney,Ryan Blaney,12,team_penske,Team Penske,ford,Ford,xgb_no_owner,8.818188667297363,0.9628157615661621,overall_no_owner,2
2026,21,cup_2026_r21,5618,Window World 450,north_wilkesboro_speedway,North Wilkesboro Speedway,short_track,cluster_6,2026-07-19,aj_allmendinger,A.J. Allmendinger,16,kaulig_racing,Kaulig Racing,chevrolet,Chevrolet,xgb_no_owner,19.998308181762695,1.4110831022262573,overall_no_owner,22
2026,21,cup_2026_r21,5618,Window World 450,north_wilkesboro_speedway,North Wilkesboro Speedway,short_track,cluster_6,2026-07-19,chris_buescher,Chris Buescher,17,rfk_racing,RFK Racing,ford,Ford,xgb_no_owner,15.701519966125488,1.0565780401229858,overall_no_owner,13
2026,21,cup_2026_r21,5618,Window World 450,north_wilkesboro_speedway,North Wilkesboro Speedway,short_track,cluster_6,2026-07-19,chase_briscoe,Chase Briscoe,19,joe_gibbs_racing,Joe Gibbs Racing,toyota,Toyota,xgb_no_owner,10.801190376281738,0.9628157615661621,overall_no_owner,4
2026,21,cup_2026_r21,5618,Window World 450,north_wilkesboro_speedway,North Wilkesboro Speedway,short_track,cluster_6,2026-07-19,christopher_bell,Christopher Bell,20,joe_gibbs_racing,Joe Gibbs Racing,toyota,Toyota,xgb_no_owner,11.978116035461426,0.9628157615661621,overall_no_owner,8
2026,21,cup_2026_r21,5618,Window World 450,north_wilkesboro_speedway,North Wilkesboro Speedway,short_track,cluster_6,2026-07-19,josh_berry,Josh Berry,21,wood_brothers_racing,Wood Brothers Racing,ford,Ford,xgb_no_owner,26.44915199279785,1.2322481870651245,overall_no_owner,32
2026,21,cup_2026_r21,5618,Window World 450,north_wilkesboro_speedway,North Wilkesboro Speedway,short_track,cluster_6,2026-07-19,joey_logano,Joey Logano,22,team_penske,Team Penske,ford,Ford,xgb_no_owner,16.323562622070313,1.0056324005126953,overall_no_owner,14
2026,21,cup_2026_r21,5618,Window World 450,north_wilkesboro_speedway,North Wilkesboro Speedway,short_track,cluster_6,2026-07-19,bubba_wallace,Bubba Wallace,23,23xi_racing,23XI Racing,toyota,Toyota,xgb_no_owner,15.373029708862305,0.9628157615661621,overall_no_owner,12
2026,21,cup_2026_r21,5618,Window World 450,north_wilkesboro_speedway,North Wilkesboro Speedway,short_track,cluster_6,2026-07-19,william_byron,William Byron,24,hendrick_motorsports,Hendrick Motorsports,chevrolet,Chevrolet,xgb_no_owner,11.940805435180664,0.9628157615661621,overall_no_owner,7
2026,21,cup_2026_r21,5618,Window World 450,north_wilkesboro_speedway,North Wilkesboro Speedway,short_track,cluster_6,2026-07-19,austin_hill,Austin Hill,33,richard_childress_racing,Richard Childress Racing,chevrolet,Chevrolet,xgb_no_owner,27.106111526489258,2.1132545471191406,overall_no_owner,33
2026,21,cup_2026_r21,5618,Window World 450,north_wilkesboro_speedway,North Wilkesboro Speedway,short_track,cluster_6,2026-07-19,todd_gilliland,Todd Gilliland,34,front_row_motorsports,Front Row Motorsports,ford,Ford,xgb_no_owner,24.222490310668945,1.5364123582839966,overall_no_owner,30
2026,21,cup_2026_r21,5618,Window World 450,north_wilkesboro_speedway,North Wilkesboro Speedway,short_track,cluster_6,2026-07-19,riley_herbst,Riley Herbst,35,23xi_racing,23XI Racing,toyota,Toyota,xgb_no_owner,22.307363510131836,1.746692419052124,overall_no_owner,26
2026,21,cup_2026_r21,5618,Window World 450,north_wilkesboro_speedway,North Wilkesboro Speedway,short_track,cluster_6,2026-07-19,zane_smith,Zane Smith,38,front_row_motorsports,Front Row Motorsports,ford,Ford,xgb_no_owner,20.436765670776367,1.3139824867248535,overall_no_owner,23
2026,21,cup_2026_r21,5618,Window World 450,north_wilkesboro_speedway,North Wilkesboro Speedway,short_track,cluster_6,2026-07-19,cole_custer,Cole Custer,41,haas_factory_team,Haas Factory Team,chevrolet,Chevrolet,xgb_no_owner,24.153644561767578,1.53313148021698,overall_no_owner,29
2026,21,cup_2026_r21,5618,Window World 450,north_wilkesboro_speedway,North Wilkesboro Speedway,short_track,cluster_6,2026-07-19,john_hunter_nemechek,John Hunter Nemechek,42,legacy_motor_club,Legacy Motor Club,toyota,Toyota,xgb_no_owner,23.230022430419922,1.6283864974975586,overall_no_owner,27
2026,21,cup_2026_r21,5618,Window World 450,north_wilkesboro_speedway,North Wilkesboro Speedway,short_track,cluster_6,2026-07-19,erik_jones,Erik Jones,43,legacy_motor_club,Legacy Motor Club,toyota,Toyota,xgb_no_owner,22.200014114379883,1.6164697408676147,overall_no_owner,25
2026,21,cup_2026_r21,5618,Window World 450,north_wilkesboro_speedway,North Wilkesboro Speedway,short_track,cluster_6,2026-07-19,tyler_reddick,Tyler Reddick,45,23xi_racing,23XI Racing,toyota,Toyota,xgb_no_owner,14.321929931640625,0.9628157615661621,overall_no_owner,11
2026,21,cup_2026_r21,5618,Window World 450,north_wilkesboro_speedway,North Wilkesboro Speedway,short_track,cluster_6,2026-07-19,ricky_stenhouse_jr,Ricky Stenhouse Jr.,47,hyak_motorsports,Hyak Motorsports,chevrolet,Chevrolet,xgb_no_owner,23.929441452026367,1.5234826803207397,overall_no_owner,28
2026,21,cup_2026_r21,5618,Window World 450,north_wilkesboro_speedway,North Wilkesboro Speedway,short_track,cluster_6,2026-07-19,alex_bowman,Alex Bowman,48,hendrick_motorsports,Hendrick Motorsports,chevrolet,Chevrolet,xgb_no_owner,17.11085319519043,0.9898935556411743,overall_no_owner,15
2026,21,cup_2026_r21,5618,Window World 450,north_wilkesboro_speedway,North Wilkesboro Speedway,short_track,cluster_6,2026-07-19,cody_ware,Cody Ware,51,rick_ware_racing,Rick Ware Racing,chevrolet,Chevrolet,xgb_no_owner,34.146827697753906,3.711724042892456,overall_no_owner,36
2026,21,cup_2026_r21,5618,Window World 450,north_wilkesboro_speedway,North Wilkesboro Speedway,short_track,cluster_6,2026-07-19,ty_gibbs,Ty Gibbs,54,joe_gibbs_racing,Joe Gibbs Racing,toyota,Toyota,xgb_no_owner,8.319684028625488,0.9628157615661621,overall_no_owner,1
2026,21,cup_2026_r21,5618,Window World 450,north_wilkesboro_speedway,North Wilkesboro Speedway,short_track,cluster_6,2026-07-19,ryan_preece,Ryan Preece,60,rfk_racing,RFK Racing,ford,Ford,xgb_no_owner,19.819307327270508,1.0489506721496582,overall_no_owner,21
2026,21,cup_2026_r21,5618,Window World 450,north_wilkesboro_speedway,North Wilkesboro Speedway,short_track,cluster_6,2026-07-19,chad_finchum,Chad Finchum,66,garage_66,Garage 66,ford,Ford,xgb_no_owner,36.0034294128418,4.592686653137207,overall_no_owner,38
2026,21,cup_2026_r21,5618,Window World 450,north_wilkesboro_speedway,North Wilkesboro Speedway,short_track,cluster_6,2026-07-19,michael_mcdowell,Michael McDowell,71,spire_motorsports,Spire Motorsports,chevrolet,Chevrolet,xgb_no_owner,18.282363891601563,1.368646264076233,overall_no_owner,19
2026,21,cup_2026_r21,5618,Window World 450,north_wilkesboro_speedway,North Wilkesboro Speedway,short_track,cluster_6,2026-07-19,carson_hocevar,Carson Hocevar,77,spire_motorsports,Spire Motorsports,chevrolet,Chevrolet,xgb_no_owner,11.246492385864258,0.9732227921485901,overall_no_owner,5
2026,21,cup_2026_r21,5618,Window World 450,north_wilkesboro_speedway,North Wilkesboro Speedway,short_track,cluster_6,2026-07-19,bj_mcleod,B.J. McLeod,78,live_fast_motorsports,Live Fast Motorsports,chevrolet,Chevrolet,xgb_no_owner,34.61688232421875,3.7396438121795654,overall_no_owner,37
2026,21,cup_2026_r21,5618,Window World 450,north_wilkesboro_speedway,North Wilkesboro Speedway,short_track,cluster_6,2026-07-19,connor_zilisch,Connor Zilisch,88,trackhouse_racing,Trackhouse Racing,chevrolet,Chevrolet,xgb_no_owner,24.932727813720703,1.9144295454025269,overall_no_owner,31
2026,21,cup_2026_r21,5618,Window World 450,north_wilkesboro_speedway,North Wilkesboro Speedway,short_track,cluster_6,2026-07-19,shane_van_gisbergen,Shane van Gisbergen,97,trackhouse_racing,Trackhouse Racing,chevrolet,Chevrolet,xgb_no_owner,17.322731018066406,1.6006907224655151,overall_no_owner,17
2026,21,cup_2026_r21,5618,Window World 450,north_wilkesboro_speedway,North Wilkesboro Speedway,short_track,cluster_6,2026-07-19,ross_chastain,Ross Chastain,1,trackhouse_racing,Trackhouse Racing,chevrolet,Chevrolet,xgb_drafting_specialist,16.42022132873535,1.0380899906158447,drafting_superspeedway,20
2026,21,cup_2026_r21,5618,Window World 450,north_wilkesboro_speedway,North Wilkesboro Speedway,short_track,cluster_6,2026-07-19,austin_cindric,Austin Cindric,2,team_penske,Team Penske,ford,Ford,xgb_drafting_specialist,11.388500213623047,0.703751266002655,drafting_superspeedway,2
2026,21,cup_2026_r21,5618,Window World 450,north_wilkesboro_speedway,North Wilkesboro Speedway,short_track,cluster_6,2026-07-19,austin_dillon,Austin Dillon,3,richard_childress_racing,Richard Childress Racing,chevrolet,Chevrolet,xgb_drafting_specialist,15.965471267700195,1.1826915740966797,drafting_superspeedway,17
2026,21,cup_2026_r21,5618,Window World 450,north_wilkesboro_speedway,North Wilkesboro Speedway,short_track,cluster_6,2026-07-19,noah_gragson,Noah Gragson,4,front_row_motorsports,Front Row Motorsports,ford,Ford,xgb_drafting_specialist,25.476844787597656,1.5534977912902832,drafting_superspeedway,34
2026,21,cup_2026_r21,5618,Window World 450,north_wilkesboro_speedway,North Wilkesboro Speedway,short_track,cluster_6,2026-07-19,kyle_larson,Kyle Larson,5,hendrick_motorsports,Hendrick Motorsports,chevrolet,Chevrolet,xgb_drafting_specialist,17.417797088623047,0.878646969795227,drafting_superspeedway,22
2026,21,cup_2026_r21,5618,Window World 450,north_wilkesboro_speedway,North Wilkesboro Speedway,short_track,cluster_6,2026-07-19,brad_keselowski,Brad Keselowski,6,rfk_racing,RFK Racing,ford,Ford,xgb_drafting_specialist,16.885425567626953,0.9809713363647461,drafting_superspeedway,21
2026,21,cup_2026_r21,5618,Window World 450,north_wilkesboro_speedway,North Wilkesboro Speedway,short_track,cluster_6,2026-07-19,daniel_suarez,Daniel Suarez,7,spire_motorsports,Spire Motorsports,chevrolet,Chevrolet,xgb_drafting_specialist,15.927959442138672,1.0855165719985962,drafting_superspeedway,16
2026,21,cup_2026_r21,5618,Window World 450,north_wilkesboro_speedway,North Wilkesboro Speedway,short_track,cluster_6,2026-07-19,chase_elliott,Chase Elliott,9,hendrick_motorsports,Hendrick Motorsports,chevrolet,Chevrolet,xgb_drafting_specialist,13.938521385192871,0.958102285861969,drafting_superspeedway,9
2026,21,cup_2026_r21,5618,Window World 450,north_wilkesboro_speedway,North Wilkesboro Speedway,short_track,cluster_6,2026-07-19,ty_dillon,Ty Dillon,10,kaulig_racing,Kaulig Racing,chevrolet,Chevrolet,xgb_drafting_specialist,23.077442169189453,1.6703726053237915,drafting_superspeedway,30
2026,21,cup_2026_r21,5618,Window World 450,north_wilkesboro_speedway,North Wilkesboro Speedway,short_track,cluster_6,2026-07-19,denny_hamlin,Denny Hamlin,11,joe_gibbs_racing,Joe Gibbs Racing,toyota,Toyota,xgb_drafting_specialist,12.839057922363281,0.88975590467453,drafting_superspeedway,4
2026,21,cup_2026_r21,5618,Window World 450,north_wilkesboro_speedway,North Wilkesboro Speedway,short_track,cluster_6,2026-07-19,ryan_blaney,Ryan Blaney,12,team_penske,Team Penske,ford,Ford,xgb_drafting_specialist,9.385852813720703,0.8316781520843506,drafting_superspeedway,1
2026,21,cup_2026_r21,5618,Window World 450,north_wilkesboro_speedway,North Wilkesboro Speedway,short_track,cluster_6,2026-07-19,aj_allmendinger,A.J. Allmendinger,16,kaulig_racing,Kaulig Racing,chevrolet,Chevrolet,xgb_drafting_specialist,20.792810440063477,1.4042123556137085,drafting_superspeedway,27
2026,21,cup_2026_r21,5618,Window World 450,north_wilkesboro_speedway,North Wilkesboro Speedway,short_track,cluster_6,2026-07-19,chris_buescher,Chris Buescher,17,rfk_racing,RFK Racing,ford,Ford,xgb_drafting_specialist,13.444162368774414,0.9753483533859253,drafting_superspeedway,5
2026,21,cup_2026_r21,5618,Window World 450,north_wilkesboro_speedway,North Wilkesboro Speedway,short_track,cluster_6,2026-07-19,chase_briscoe,Chase Briscoe,19,joe_gibbs_racing,Joe Gibbs Racing,toyota,Toyota,xgb_drafting_specialist,14.158238410949707,1.0968741178512573,drafting_superspeedway,11
2026,21,cup_2026_r21,5618,Window World 450,north_wilkesboro_speedway,North Wilkesboro Speedway,short_track,cluster_6,2026-07-19,christopher_bell,Christopher Bell,20,joe_gibbs_racing,Joe Gibbs Racing,toyota,Toyota,xgb_drafting_specialist,15.808938980102539,0.9725776314735413,drafting_superspeedway,15
2026,21,cup_2026_r21,5618,Window World 450,north_wilkesboro_speedway,North Wilkesboro Speedway,short_track,cluster_6,2026-07-19,josh_berry,Josh Berry,21,wood_brothers_racing,Wood Brothers Racing,ford,Ford,xgb_drafting_specialist,18.937664031982422,0.9899401664733887,drafting_superspeedway,23
2026,21,cup_2026_r21,5618,Window World 450,north_wilkesboro_speedway,North Wilkesboro Speedway,short_track,cluster_6,2026-07-19,joey_logano,Joey Logano,22,team_penske,Team Penske,ford,Ford,xgb_drafting_specialist,13.86033821105957,0.946153461933136,drafting_superspeedway,8
2026,21,cup_2026_r21,5618,Window World 450,north_wilkesboro_speedway,North Wilkesboro Speedway,short_track,cluster_6,2026-07-19,bubba_wallace,Bubba Wallace,23,23xi_racing,23XI Racing,toyota,Toyota,xgb_drafting_specialist,14.06045150756836,1.0187883377075195,drafting_superspeedway,10
2026,21,cup_2026_r21,5618,Window World 450,north_wilkesboro_speedway,North Wilkesboro Speedway,short_track,cluster_6,2026-07-19,william_byron,William Byron,24,hendrick_motorsports,Hendrick Motorsports,chevrolet,Chevrolet,xgb_drafting_specialist,12.811517715454102,0.8636106848716736,drafting_superspeedway,3
2026,21,cup_2026_r21,5618,Window World 450,north_wilkesboro_speedway,North Wilkesboro Speedway,short_track,cluster_6,2026-07-19,austin_hill,Austin Hill,33,richard_childress_racing,Richard Childress Racing,chevrolet,Chevrolet,xgb_drafting_specialist,26.97459602355957,1.6667983531951904,drafting_superspeedway,35
2026,21,cup_2026_r21,5618,Window World 450,north_wilkesboro_speedway,North Wilkesboro Speedway,short_track,cluster_6,2026-07-19,todd_gilliland,Todd Gilliland,34,front_row_motorsports,Front Row Motorsports,ford,Ford,xgb_drafting_specialist,24.13996124267578,1.3110977411270142,drafting_superspeedway,33
2026,21,cup_2026_r21,5618,Window World 450,north_wilkesboro_speedway,North Wilkesboro Speedway,short_track,cluster_6,2026-07-19,riley_herbst,Riley Herbst,35,23xi_racing,23XI Racing,toyota,Toyota,xgb_drafting_specialist,19.700040817260742,1.2768560647964478,drafting_superspeedway,24
2026,21,cup_2026_r21,5618,Window World 450,north_wilkesboro_speedway,North Wilkesboro Speedway,short_track,cluster_6,2026-07-19,zane_smith,Zane Smith,38,front_row_motorsports,Front Row Motorsports,ford,Ford,xgb_drafting_specialist,22.996335983276367,1.2236658334732056,drafting_superspeedway,29
2026,21,cup_2026_r21,5618,Window World 450,north_wilkesboro_speedway,North Wilkesboro Speedway,short_track,cluster_6,2026-07-19,cole_custer,Cole Custer,41,haas_factory_team,Haas Factory Team,chevrolet,Chevrolet,xgb_drafting_specialist,20.665950775146484,1.5244470834732056,drafting_superspeedway,26
2026,21,cup_2026_r21,5618,Window World 450,north_wilkesboro_speedway,North Wilkesboro Speedway,short_track,cluster_6,2026-07-19,john_hunter_nemechek,John Hunter Nemechek,42,legacy_motor_club,Legacy Motor Club,toyota,Toyota,xgb_drafting_specialist,22.684293746948242,1.239615797996521,drafting_superspeedway,28
2026,21,cup_2026_r21,5618,Window World 450,north_wilkesboro_speedway,North Wilkesboro Speedway,short_track,cluster_6,2026-07-19,erik_jones,Erik Jones,43,legacy_motor_club,Legacy Motor Club,toyota,Toyota,xgb_drafting_specialist,20.43196678161621,1.2607691287994385,drafting_superspeedway,25
2026,21,cup_2026_r21,5618,Window World 450,north_wilkesboro_speedway,North Wilkesboro Speedway,short_track,cluster_6,2026-07-19,tyler_reddick,Tyler Reddick,45,23xi_racing,23XI Racing,toyota,Toyota,xgb_drafting_specialist,14.692876815795898,0.8827286958694458,drafting_superspeedway,13
2026,21,cup_2026_r21,5618,Window World 450,north_wilkesboro_speedway,North Wilkesboro Speedway,short_track,cluster_6,2026-07-19,ricky_stenhouse_jr,Ricky Stenhouse Jr.,47,hyak_motorsports,Hyak Motorsports,chevrolet,Chevrolet,xgb_drafting_specialist,23.796588897705078,1.7312754392623901,drafting_superspeedway,32
2026,21,cup_2026_r21,5618,Window World 450,north_wilkesboro_speedway,North Wilkesboro Speedway,short_track,cluster_6,2026-07-19,alex_bowman,Alex Bowman,48,hendrick_motorsports,Hendrick Motorsports,chevrolet,Chevrolet,xgb_drafting_specialist,15.423125267028809,0.9701565504074097,drafting_superspeedway,14
2026,21,cup_2026_r21,5618,Window World 450,north_wilkesboro_speedway,North Wilkesboro Speedway,short_track,cluster_6,2026-07-19,cody_ware,Cody Ware,51,rick_ware_racing,Rick Ware Racing,chevrolet,Chevrolet,xgb_drafting_specialist,32.78202819824219,2.6960182189941406,drafting_superspeedway,36
2026,21,cup_2026_r21,5618,Window World 450,north_wilkesboro_speedway,North Wilkesboro Speedway,short_track,cluster_6,2026-07-19,ty_gibbs,Ty Gibbs,54,joe_gibbs_racing,Joe Gibbs Racing,toyota,Toyota,xgb_drafting_specialist,13.794167518615723,0.9575413465499878,drafting_superspeedway,7
2026,21,cup_2026_r21,5618,Window World 450,north_wilkesboro_speedway,North Wilkesboro Speedway,short_track,cluster_6,2026-07-19,ryan_preece,Ryan Preece,60,rfk_racing,RFK Racing,ford,Ford,xgb_drafting_specialist,16.216625213623047,0.9464096426963806,drafting_superspeedway,18
2026,21,cup_2026_r21,5618,Window World 450,north_wilkesboro_speedway,North Wilkesboro Speedway,short_track,cluster_6,2026-07-19,chad_finchum,Chad Finchum,66,garage_66,Garage 66,ford,Ford,xgb_drafting_specialist,34.30069351196289,4.313656806945801,drafting_superspeedway,38
2026,21,cup_2026_r21,5618,Window World 450,north_wilkesboro_speedway,North Wilkesboro Speedway,short_track,cluster_6,2026-07-19,michael_mcdowell,Michael McDowell,71,spire_motorsports,Spire Motorsports,chevrolet,Chevrolet,xgb_drafting_specialist,14.58180046081543,0.9881159663200378,drafting_superspeedway,12
2026,21,cup_2026_r21,5618,Window World 450,north_wilkesboro_speedway,North Wilkesboro Speedway,short_track,cluster_6,2026-07-19,carson_hocevar,Carson Hocevar,77,spire_motorsports,Spire Motorsports,chevrolet,Chevrolet,xgb_drafting_specialist,13.750835418701172,0.848652184009552,drafting_superspeedway,6
2026,21,cup_2026_r21,5618,Window World 450,north_wilkesboro_speedway,North Wilkesboro Speedway,short_track,cluster_6,2026-07-19,bj_mcleod,B.J. McLeod,78,live_fast_motorsports,Live Fast Motorsports,chevrolet,Chevrolet,xgb_drafting_specialist,34.060298919677734,3.54384708404541,drafting_superspeedway,37
2026,21,cup_2026_r21,5618,Window World 450,north_wilkesboro_speedway,North Wilkesboro Speedway,short_track,cluster_6,2026-07-19,connor_zilisch,Connor Zilisch,88,trackhouse_racing,Trackhouse Racing,chevrolet,Chevrolet,xgb_drafting_specialist,23.661409378051758,1.4708000421524048,drafting_superspeedway,31
2026,21,cup_2026_r21,5618,Window World 450,north_wilkesboro_speedway,North Wilkesboro Speedway,short_track,cluster_6,2026-07-19,shane_van_gisbergen,Shane van Gisbergen,97,trackhouse_racing,Trackhouse Racing,chevrolet,Chevrolet,xgb_drafting_specialist,16.27066993713379,1.140252709388733,drafting_superspeedway,19
2026,21,cup_2026_r21,5618,Window World 450,north_wilkesboro_speedway,North Wilkesboro Speedway,short_track,cluster_6,2026-07-19,ross_chastain,Ross Chastain,1,trackhouse_racing,Trackhouse Racing,chevrolet,Chevrolet,xgb_road_specialist,14.887736320495605,0.8107829689979553,road_course,15
2026,21,cup_2026_r21,5618,Window World 450,north_wilkesboro_speedway,North Wilkesboro Speedway,short_track,cluster_6,2026-07-19,austin_cindric,Austin Cindric,2,team_penske,Team Penske,ford,Ford,xgb_road_specialist,10.50305461883545,0.6527382731437683,road_course,5
2026,21,cup_2026_r21,5618,Window World 450,north_wilkesboro_speedway,North Wilkesboro Speedway,short_track,cluster_6,2026-07-19,austin_dillon,Austin Dillon,3,richard_childress_racing,Richard Childress Racing,chevrolet,Chevrolet,xgb_road_specialist,21.821239471435547,1.2483805418014526,road_course,26
2026,21,cup_2026_r21,5618,Window World 450,north_wilkesboro_speedway,North Wilkesboro Speedway,short_track,cluster_6,2026-07-19,noah_gragson,Noah Gragson,4,front_row_motorsports,Front Row Motorsports,ford,Ford,xgb_road_specialist,28.424901962280273,2.5391671657562256,road_course,34
2026,21,cup_2026_r21,5618,Window World 450,north_wilkesboro_speedway,North Wilkesboro Speedway,short_track,cluster_6,2026-07-19,kyle_larson,Kyle Larson,5,hendrick_motorsports,Hendrick Motorsports,chevrolet,Chevrolet,xgb_road_specialist,9.923763275146484,0.7959161996841431,road_course,4
2026,21,cup_2026_r21,5618,Window World 450,north_wilkesboro_speedway,North Wilkesboro Speedway,short_track,cluster_6,2026-07-19,brad_keselowski,Brad Keselowski,6,rfk_racing,RFK Racing,ford,Ford,xgb_road_specialist,14.904594421386719,0.8937925696372986,road_course,16
2026,21,cup_2026_r21,5618,Window World 450,north_wilkesboro_speedway,North Wilkesboro Speedway,short_track,cluster_6,2026-07-19,daniel_suarez,Daniel Suarez,7,spire_motorsports,Spire Motorsports,chevrolet,Chevrolet,xgb_road_specialist,16.563030242919922,1.2308377027511597,road_course,19
2026,21,cup_2026_r21,5618,Window World 450,north_wilkesboro_speedway,North Wilkesboro Speedway,short_track,cluster_6,2026-07-19,chase_elliott,Chase Elliott,9,hendrick_motorsports,Hendrick Motorsports,chevrolet,Chevrolet,xgb_road_specialist,12.572354316711426,0.640869140625,road_course,10
2026,21,cup_2026_r21,5618,Window World 450,north_wilkesboro_speedway,North Wilkesboro Speedway,short_track,cluster_6,2026-07-19,ty_dillon,Ty Dillon,10,kaulig_racing,Kaulig Racing,chevrolet,Chevrolet,xgb_road_specialist,28.747373580932617,1.8169925212860107,road_course,35
2026,21,cup_2026_r21,5618,Window World 450,north_wilkesboro_speedway,North Wilkesboro Speedway,short_track,cluster_6,2026-07-19,denny_hamlin,Denny Hamlin,11,joe_gibbs_racing,Joe Gibbs Racing,toyota,Toyota,xgb_road_specialist,9.905141830444336,0.738497257232666,road_course,3
2026,21,cup_2026_r21,5618,Window World 450,north_wilkesboro_speedway,North Wilkesboro Speedway,short_track,cluster_6,2026-07-19,ryan_blaney,Ryan Blaney,12,team_penske,Team Penske,ford,Ford,xgb_road_specialist,8.31266975402832,0.6690275073051453,road_course,1
2026,21,cup_2026_r21,5618,Window World 450,north_wilkesboro_speedway,North Wilkesboro Speedway,short_track,cluster_6,2026-07-19,aj_allmendinger,A.J. Allmendinger,16,kaulig_racing,Kaulig Racing,chevrolet,Chevrolet,xgb_road_specialist,17.645000457763672,1.1312767267227173,road_course,20
2026,21,cup_2026_r21,5618,Window World 450,north_wilkesboro_speedway,North Wilkesboro Speedway,short_track,cluster_6,2026-07-19,chris_buescher,Chris Buescher,17,rfk_racing,RFK Racing,ford,Ford,xgb_road_specialist,17.853925704956055,0.803388237953186,road_course,21
2026,21,cup_2026_r21,5618,Window World 450,north_wilkesboro_speedway,North Wilkesboro Speedway,short_track,cluster_6,2026-07-19,chase_briscoe,Chase Briscoe,19,joe_gibbs_racing,Joe Gibbs Racing,toyota,Toyota,xgb_road_specialist,13.75097942352295,0.8732101917266846,road_course,13
2026,21,cup_2026_r21,5618,Window World 450,north_wilkesboro_speedway,North Wilkesboro Speedway,short_track,cluster_6,2026-07-19,christopher_bell,Christopher Bell,20,joe_gibbs_racing,Joe Gibbs Racing,toyota,Toyota,xgb_road_specialist,12.428462982177734,0.8583384156227112,road_course,9
2026,21,cup_2026_r21,5618,Window World 450,north_wilkesboro_speedway,North Wilkesboro Speedway,short_track,cluster_6,2026-07-19,josh_berry,Josh Berry,21,wood_brothers_racing,Wood Brothers Racing,ford,Ford,xgb_road_specialist,17.884700775146484,0.9529575705528259,road_course,22
2026,21,cup_2026_r21,5618,Window World 450,north_wilkesboro_speedway,North Wilkesboro Speedway,short_track,cluster_6,2026-07-19,joey_logano,Joey Logano,22,team_penske,Team Penske,ford,Ford,xgb_road_specialist,10.96572494506836,0.5762728452682495,road_course,6
2026,21,cup_2026_r21,5618,Window World 450,north_wilkesboro_speedway,North Wilkesboro Speedway,short_track,cluster_6,2026-07-19,bubba_wallace,Bubba Wallace,23,23xi_racing,23XI Racing,toyota,Toyota,xgb_road_specialist,13.087542533874512,0.6321132779121399,road_course,12
2026,21,cup_2026_r21,5618,Window World 450,north_wilkesboro_speedway,North Wilkesboro Speedway,short_track,cluster_6,2026-07-19,william_byron,William Byron,24,hendrick_motorsports,Hendrick Motorsports,chevrolet,Chevrolet,xgb_road_specialist,12.402139663696289,0.5551463961601257,road_course,8
2026,21,cup_2026_r21,5618,Window World 450,north_wilkesboro_speedway,North Wilkesboro Speedway,short_track,cluster_6,2026-07-19,austin_hill,Austin Hill,33,richard_childress_racing,Richard Childress Racing,chevrolet,Chevrolet,xgb_road_specialist,27.109519958496094,2.1285789012908936,road_course,32
2026,21,cup_2026_r21,5618,Window World 450,north_wilkesboro_speedway,North Wilkesboro Speedway,short_track,cluster_6,2026-07-19,todd_gilliland,Todd Gilliland,34,front_row_motorsports,Front Row Motorsports,ford,Ford,xgb_road_specialist,23.25265884399414,1.4676817655563354,road_course,27
2026,21,cup_2026_r21,5618,Window World 450,north_wilkesboro_speedway,North Wilkesboro Speedway,short_track,cluster_6,2026-07-19,riley_herbst,Riley Herbst,35,23xi_racing,23XI Racing,toyota,Toyota,xgb_road_specialist,21.11234474182129,1.3484177589416504,road_course,24
2026,21,cup_2026_r21,5618,Window World 450,north_wilkesboro_speedway,North Wilkesboro Speedway,short_track,cluster_6,2026-07-19,zane_smith,Zane Smith,38,front_row_motorsports,Front Row Motorsports,ford,Ford,xgb_road_specialist,21.548980712890625,1.691141963005066,road_course,25
2026,21,cup_2026_r21,5618,Window World 450,north_wilkesboro_speedway,North Wilkesboro Speedway,short_track,cluster_6,2026-07-19,cole_custer,Cole Custer,41,haas_factory_team,Haas Factory Team,chevrolet,Chevrolet,xgb_road_specialist,27.021915435791016,1.8757083415985107,road_course,31
2026,21,cup_2026_r21,5618,Window World 450,north_wilkesboro_speedway,North Wilkesboro Speedway,short_track,cluster_6,2026-07-19,john_hunter_nemechek,John Hunter Nemechek,42,legacy_motor_club,Legacy Motor Club,toyota,Toyota,xgb_road_specialist,24.63196563720703,2.3719661235809326,road_course,28
2026,21,cup_2026_r21,5618,Window World 450,north_wilkesboro_speedway,North Wilkesboro Speedway,short_track,cluster_6,2026-07-19,erik_jones,Erik Jones,43,legacy_motor_club,Legacy Motor Club,toyota,Toyota,xgb_road_specialist,27.793537139892578,4.913135528564453,road_course,33
2026,21,cup_2026_r21,5618,Window World 450,north_wilkesboro_speedway,North Wilkesboro Speedway,short_track,cluster_6,2026-07-19,tyler_reddick,Tyler Reddick,45,23xi_racing,23XI Racing,toyota,Toyota,xgb_road_specialist,14.761125564575195,0.6648310422897339,road_course,14
2026,21,cup_2026_r21,5618,Window World 450,north_wilkesboro_speedway,North Wilkesboro Speedway,short_track,cluster_6,2026-07-19,ricky_stenhouse_jr,Ricky Stenhouse Jr.,47,hyak_motorsports,Hyak Motorsports,chevrolet,Chevrolet,xgb_road_specialist,26.805461883544922,2.0779716968536377,road_course,30
2026,21,cup_2026_r21,5618,Window World 450,north_wilkesboro_speedway,North Wilkesboro Speedway,short_track,cluster_6,2026-07-19,alex_bowman,Alex Bowman,48,hendrick_motorsports,Hendrick Motorsports,chevrolet,Chevrolet,xgb_road_specialist,12.96143627166748,0.8677383661270142,road_course,11
2026,21,cup_2026_r21,5618,Window World 450,north_wilkesboro_speedway,North Wilkesboro Speedway,short_track,cluster_6,2026-07-19,cody_ware,Cody Ware,51,rick_ware_racing,Rick Ware Racing,chevrolet,Chevrolet,xgb_road_specialist,33.893890380859375,8.275434494018555,road_course,36
2026,21,cup_2026_r21,5618,Window World 450,north_wilkesboro_speedway,North Wilkesboro Speedway,short_track,cluster_6,2026-07-19,ty_gibbs,Ty Gibbs,54,joe_gibbs_racing,Joe Gibbs Racing,toyota,Toyota,xgb_road_specialist,9.735736846923828,0.6374140977859497,road_course,2
2026,21,cup_2026_r21,5618,Window World 450,north_wilkesboro_speedway,North Wilkesboro Speedway,short_track,cluster_6,2026-07-19,ryan_preece,Ryan Preece,60,rfk_racing,RFK Racing,ford,Ford,xgb_road_specialist,15.118995666503906,0.679354190826416,road_course,17
2026,21,cup_2026_r21,5618,Window World 450,north_wilkesboro_speedway,North Wilkesboro Speedway,short_track,cluster_6,2026-07-19,chad_finchum,Chad Finchum,66,garage_66,Garage 66,ford,Ford,xgb_road_specialist,36.88594055175781,4.1185832023620605,road_course,38
2026,21,cup_2026_r21,5618,Window World 450,north_wilkesboro_speedway,North Wilkesboro Speedway,short_track,cluster_6,2026-07-19,michael_mcdowell,Michael McDowell,71,spire_motorsports,Spire Motorsports,chevrolet,Chevrolet,xgb_road_specialist,16.389968872070313,1.033036470413208,road_course,18
2026,21,cup_2026_r21,5618,Window World 450,north_wilkesboro_speedway,North Wilkesboro Speedway,short_track,cluster_6,2026-07-19,carson_hocevar,Carson Hocevar,77,spire_motorsports,Spire Motorsports,chevrolet,Chevrolet,xgb_road_specialist,12.328160285949707,0.854062557220459,road_course,7
2026,21,cup_2026_r21,5618,Window World 450,north_wilkesboro_speedway,North Wilkesboro Speedway,short_track,cluster_6,2026-07-19,bj_mcleod,B.J. McLeod,78,live_fast_motorsports,Live Fast Motorsports,chevrolet,Chevrolet,xgb_road_specialist,35.588993072509766,4.581068992614746,road_course,37
2026,21,cup_2026_r21,5618,Window World 450,north_wilkesboro_speedway,North Wilkesboro Speedway,short_track,cluster_6,2026-07-19,connor_zilisch,Connor Zilisch,88,trackhouse_racing,Trackhouse Racing,chevrolet,Chevrolet,xgb_road_specialist,26.49361801147461,1.8536359071731567,road_course,29
2026,21,cup_2026_r21,5618,Window World 450,north_wilkesboro_speedway,North Wilkesboro Speedway,short_track,cluster_6,2026-07-19,shane_van_gisbergen,Shane van Gisbergen,97,trackhouse_racing,Trackhouse Racing,chevrolet,Chevrolet,xgb_road_specialist,19.37812614440918,1.182451605796814,road_course,23
2026,21,cup_2026_r21,5618,Window World 450,north_wilkesboro_speedway,North Wilkesboro Speedway,short_track,cluster_6,2026-07-19,ross_chastain,Ross Chastain,1,trackhouse_racing,Trackhouse Racing,chevrolet,Chevrolet,xgb_speedway_specialist,16.59394073486328,1.4440298080444336,conventional_speedway,15
2026,21,cup_2026_r21,5618,Window World 450,north_wilkesboro_speedway,North Wilkesboro Speedway,short_track,cluster_6,2026-07-19,austin_cindric,Austin Cindric,2,team_penske,Team Penske,ford,Ford,xgb_speedway_specialist,16.09483528137207,0.9780915975570679,conventional_speedway,13
2026,21,cup_2026_r21,5618,Window World 450,north_wilkesboro_speedway,North Wilkesboro Speedway,short_track,cluster_6,2026-07-19,austin_dillon,Austin Dillon,3,richard_childress_racing,Richard Childress Racing,chevrolet,Chevrolet,xgb_speedway_specialist,21.763708114624023,1.6450694799423218,conventional_speedway,25
2026,21,cup_2026_r21,5618,Window World 450,north_wilkesboro_speedway,North Wilkesboro Speedway,short_track,cluster_6,2026-07-19,noah_gragson,Noah Gragson,4,front_row_motorsports,Front Row Motorsports,ford,Ford,xgb_speedway_specialist,28.660383224487305,2.2187047004699707,conventional_speedway,35
2026,21,cup_2026_r21,5618,Window World 450,north_wilkesboro_speedway,North Wilkesboro Speedway,short_track,cluster_6,2026-07-19,kyle_larson,Kyle Larson,5,hendrick_motorsports,Hendrick Motorsports,chevrolet,Chevrolet,xgb_speedway_specialist,8.092867851257324,0.8312384486198425,conventional_speedway,1
2026,21,cup_2026_r21,5618,Window World 450,north_wilkesboro_speedway,North Wilkesboro Speedway,short_track,cluster_6,2026-07-19,brad_keselowski,Brad Keselowski,6,rfk_racing,RFK Racing,ford,Ford,xgb_speedway_specialist,23.76422691345215,2.0933516025543213,conventional_speedway,28
2026,21,cup_2026_r21,5618,Window World 450,north_wilkesboro_speedway,North Wilkesboro Speedway,short_track,cluster_6,2026-07-19,daniel_suarez,Daniel Suarez,7,spire_motorsports,Spire Motorsports,chevrolet,Chevrolet,xgb_speedway_specialist,16.00486946105957,1.3677819967269897,conventional_speedway,12
2026,21,cup_2026_r21,5618,Window World 450,north_wilkesboro_speedway,North Wilkesboro Speedway,short_track,cluster_6,2026-07-19,chase_elliott,Chase Elliott,9,hendrick_motorsports,Hendrick Motorsports,chevrolet,Chevrolet,xgb_speedway_specialist,12.818486213684082,0.8337658047676086,conventional_speedway,10
2026,21,cup_2026_r21,5618,Window World 450,north_wilkesboro_speedway,North Wilkesboro Speedway,short_track,cluster_6,2026-07-19,ty_dillon,Ty Dillon,10,kaulig_racing,Kaulig Racing,chevrolet,Chevrolet,xgb_speedway_specialist,28.528026580810547,2.108264923095703,conventional_speedway,33
2026,21,cup_2026_r21,5618,Window World 450,north_wilkesboro_speedway,North Wilkesboro Speedway,short_track,cluster_6,2026-07-19,denny_hamlin,Denny Hamlin,11,joe_gibbs_racing,Joe Gibbs Racing,toyota,Toyota,xgb_speedway_specialist,8.573763847351074,0.7265199422836304,conventional_speedway,2
2026,21,cup_2026_r21,5618,Window World 450,north_wilkesboro_speedway,North Wilkesboro Speedway,short_track,cluster_6,2026-07-19,ryan_blaney,Ryan Blaney,12,team_penske,Team Penske,ford,Ford,xgb_speedway_specialist,11.586878776550293,0.865692675113678,conventional_speedway,6
2026,21,cup_2026_r21,5618,Window World 450,north_wilkesboro_speedway,North Wilkesboro Speedway,short_track,cluster_6,2026-07-19,aj_allmendinger,A.J. Allmendinger,16,kaulig_racing,Kaulig Racing,chevrolet,Chevrolet,xgb_speedway_specialist,20.14813804626465,1.5999890565872192,conventional_speedway,21
2026,21,cup_2026_r21,5618,Window World 450,north_wilkesboro_speedway,North Wilkesboro Speedway,short_track,cluster_6,2026-07-19,chris_buescher,Chris Buescher,17,rfk_racing,RFK Racing,ford,Ford,xgb_speedway_specialist,14.440053939819336,1.1834261417388916,conventional_speedway,11
2026,21,cup_2026_r21,5618,Window World 450,north_wilkesboro_speedway,North Wilkesboro Speedway,short_track,cluster_6,2026-07-19,chase_briscoe,Chase Briscoe,19,joe_gibbs_racing,Joe Gibbs Racing,toyota,Toyota,xgb_speedway_specialist,9.59904956817627,0.8232184648513794,conventional_speedway,3
2026,21,cup_2026_r21,5618,Window World 450,north_wilkesboro_speedway,North Wilkesboro Speedway,short_track,cluster_6,2026-07-19,christopher_bell,Christopher Bell,20,joe_gibbs_racing,Joe Gibbs Racing,toyota,Toyota,xgb_speedway_specialist,12.136616706848145,0.801599383354187,conventional_speedway,9
2026,21,cup_2026_r21,5618,Window World 450,north_wilkesboro_speedway,North Wilkesboro Speedway,short_track,cluster_6,2026-07-19,josh_berry,Josh Berry,21,wood_brothers_racing,Wood Brothers Racing,ford,Ford,xgb_speedway_specialist,28.53256607055664,1.6023108959197998,conventional_speedway,34
2026,21,cup_2026_r21,5618,Window World 450,north_wilkesboro_speedway,North Wilkesboro Speedway,short_track,cluster_6,2026-07-19,joey_logano,Joey Logano,22,team_penske,Team Penske,ford,Ford,xgb_speedway_specialist,18.030269622802734,1.0422488451004028,conventional_speedway,18
2026,21,cup_2026_r21,5618,Window World 450,north_wilkesboro_speedway,North Wilkesboro Speedway,short_track,cluster_6,2026-07-19,bubba_wallace,Bubba Wallace,23,23xi_racing,23XI Racing,toyota,Toyota,xgb_speedway_specialist,17.168298721313477,0.9378122091293335,conventional_speedway,16
2026,21,cup_2026_r21,5618,Window World 450,north_wilkesboro_speedway,North Wilkesboro Speedway,short_track,cluster_6,2026-07-19,william_byron,William Byron,24,hendrick_motorsports,Hendrick Motorsports,chevrolet,Chevrolet,xgb_speedway_specialist,12.127609252929688,0.8484575152397156,conventional_speedway,8
2026,21,cup_2026_r21,5618,Window World 450,north_wilkesboro_speedway,North Wilkesboro Speedway,short_track,cluster_6,2026-07-19,austin_hill,Austin Hill,33,richard_childress_racing,Richard Childress Racing,chevrolet,Chevrolet,xgb_speedway_specialist,27.558122634887695,1.8824267387390137,conventional_speedway,32
2026,21,cup_2026_r21,5618,Window World 450,north_wilkesboro_speedway,North Wilkesboro Speedway,short_track,cluster_6,2026-07-19,todd_gilliland,Todd Gilliland,34,front_row_motorsports,Front Row Motorsports,ford,Ford,xgb_speedway_specialist,24.91357421875,1.6343697309494019,conventional_speedway,31
2026,21,cup_2026_r21,5618,Window World 450,north_wilkesboro_speedway,North Wilkesboro Speedway,short_track,cluster_6,2026-07-19,riley_herbst,Riley Herbst,35,23xi_racing,23XI Racing,toyota,Toyota,xgb_speedway_specialist,20.63450050354004,1.5371712446212769,conventional_speedway,23
2026,21,cup_2026_r21,5618,Window World 450,north_wilkesboro_speedway,North Wilkesboro Speedway,short_track,cluster_6,2026-07-19,zane_smith,Zane Smith,38,front_row_motorsports,Front Row Motorsports,ford,Ford,xgb_speedway_specialist,20.399431228637695,1.3946820497512817,conventional_speedway,22
2026,21,cup_2026_r21,5618,Window World 450,north_wilkesboro_speedway,North Wilkesboro Speedway,short_track,cluster_6,2026-07-19,cole_custer,Cole Custer,41,haas_factory_team,Haas Factory Team,chevrolet,Chevrolet,xgb_speedway_specialist,24.31918716430664,1.6479716300964355,conventional_speedway,29
2026,21,cup_2026_r21,5618,Window World 450,north_wilkesboro_speedway,North Wilkesboro Speedway,short_track,cluster_6,2026-07-19,john_hunter_nemechek,John Hunter Nemechek,42,legacy_motor_club,Legacy Motor Club,toyota,Toyota,xgb_speedway_specialist,22.36000633239746,1.5759538412094116,conventional_speedway,26
2026,21,cup_2026_r21,5618,Window World 450,north_wilkesboro_speedway,North Wilkesboro Speedway,short_track,cluster_6,2026-07-19,erik_jones,Erik Jones,43,legacy_motor_club,Legacy Motor Club,toyota,Toyota,xgb_speedway_specialist,18.749263763427734,1.5256657600402832,conventional_speedway,19
2026,21,cup_2026_r21,5618,Window World 450,north_wilkesboro_speedway,North Wilkesboro Speedway,short_track,cluster_6,2026-07-19,tyler_reddick,Tyler Reddick,45,23xi_racing,23XI Racing,toyota,Toyota,xgb_speedway_specialist,11.536932945251465,0.9017115235328674,conventional_speedway,5
2026,21,cup_2026_r21,5618,Window World 450,north_wilkesboro_speedway,North Wilkesboro Speedway,short_track,cluster_6,2026-07-19,ricky_stenhouse_jr,Ricky Stenhouse Jr.,47,hyak_motorsports,Hyak Motorsports,chevrolet,Chevrolet,xgb_speedway_specialist,22.58386993408203,1.8943531513214111,conventional_speedway,27
2026,21,cup_2026_r21,5618,Window World 450,north_wilkesboro_speedway,North Wilkesboro Speedway,short_track,cluster_6,2026-07-19,alex_bowman,Alex Bowman,48,hendrick_motorsports,Hendrick Motorsports,chevrolet,Chevrolet,xgb_speedway_specialist,16.494699478149414,1.0737075805664063,conventional_speedway,14
2026,21,cup_2026_r21,5618,Window World 450,north_wilkesboro_speedway,North Wilkesboro Speedway,short_track,cluster_6,2026-07-19,cody_ware,Cody Ware,51,rick_ware_racing,Rick Ware Racing,chevrolet,Chevrolet,xgb_speedway_specialist,34.45430374145508,3.9330170154571533,conventional_speedway,36
2026,21,cup_2026_r21,5618,Window World 450,north_wilkesboro_speedway,North Wilkesboro Speedway,short_track,cluster_6,2026-07-19,ty_gibbs,Ty Gibbs,54,joe_gibbs_racing,Joe Gibbs Racing,toyota,Toyota,xgb_speedway_specialist,10.914690017700195,0.786020815372467,conventional_speedway,4
2026,21,cup_2026_r21,5618,Window World 450,north_wilkesboro_speedway,North Wilkesboro Speedway,short_track,cluster_6,2026-07-19,ryan_preece,Ryan Preece,60,rfk_racing,RFK Racing,ford,Ford,xgb_speedway_specialist,20.703571319580078,1.3906521797180176,conventional_speedway,24
2026,21,cup_2026_r21,5618,Window World 450,north_wilkesboro_speedway,North Wilkesboro Speedway,short_track,cluster_6,2026-07-19,chad_finchum,Chad Finchum,66,garage_66,Garage 66,ford,Ford,xgb_speedway_specialist,36.092628479003906,5.743404388427734,conventional_speedway,38
2026,21,cup_2026_r21,5618,Window World 450,north_wilkesboro_speedway,North Wilkesboro Speedway,short_track,cluster_6,2026-07-19,michael_mcdowell,Michael McDowell,71,spire_motorsports,Spire Motorsports,chevrolet,Chevrolet,xgb_speedway_specialist,17.752626419067383,1.2010865211486816,conventional_speedway,17
2026,21,cup_2026_r21,5618,Window World 450,north_wilkesboro_speedway,North Wilkesboro Speedway,short_track,cluster_6,2026-07-19,carson_hocevar,Carson Hocevar,77,spire_motorsports,Spire Motorsports,chevrolet,Chevrolet,xgb_speedway_specialist,11.612610816955566,0.9568285942077637,conventional_speedway,7
2026,21,cup_2026_r21,5618,Window World 450,north_wilkesboro_speedway,North Wilkesboro Speedway,short_track,cluster_6,2026-07-19,bj_mcleod,B.J. McLeod,78,live_fast_motorsports,Live Fast Motorsports,chevrolet,Chevrolet,xgb_speedway_specialist,35.444278717041016,3.827589988708496,conventional_speedway,37
2026,21,cup_2026_r21,5618,Window World 450,north_wilkesboro_speedway,North Wilkesboro Speedway,short_track,cluster_6,2026-07-19,connor_zilisch,Connor Zilisch,88,trackhouse_racing,Trackhouse Racing,chevrolet,Chevrolet,xgb_speedway_specialist,24.324331283569336,1.7438076734542847,conventional_speedway,30
2026,21,cup_2026_r21,5618,Window World 450,north_wilkesboro_speedway,North Wilkesboro Speedway,short_track,cluster_6,2026-07-19,shane_van_gisbergen,Shane van Gisbergen,97,trackhouse_racing,Trackhouse Racing,chevrolet,Chevrolet,xgb_speedway_specialist,19.974763870239258,1.4166536331176758,conventional_speedway,20
2026,21,cup_2026_r21,5618,Window World 450,north_wilkesboro_speedway,North Wilkesboro Speedway,short_track,cluster_6,2026-07-19,ross_chastain,Ross Chastain,1,trackhouse_racing,Trackhouse Racing,chevrolet,Chevrolet,routed_consensus,16.919805805984623,1.2134408315275227,conventional_speedway,17
2026,21,cup_2026_r21,5618,Window World 450,north_wilkesboro_speedway,North Wilkesboro Speedway,short_track,cluster_6,2026-07-19,austin_cindric,Austin Cindric,2,team_penske,Team Penske,ford,Ford,routed_consensus,13.718600050459195,1.0143860270832097,conventional_speedway,11
2026,21,cup_2026_r21,5618,Window World 450,north_wilkesboro_speedway,North Wilkesboro Speedway,short_track,cluster_6,2026-07-19,austin_dillon,Austin Dillon,3,richard_childress_racing,Richard Childress Racing,chevrolet,Chevrolet,routed_consensus,21.723049278315287,1.448261155710033,conventional_speedway,25
2026,21,cup_2026_r21,5618,Window World 450,north_wilkesboro_speedway,North Wilkesboro Speedway,short_track,cluster_6,2026-07-19,noah_gragson,Noah Gragson,4,front_row_motorsports,Front Row Motorsports,ford,Ford,routed_consensus,28.809692044093175,1.918293203935436,conventional_speedway,35
2026,21,cup_2026_r21,5618,Window World 450,north_wilkesboro_speedway,North Wilkesboro Speedway,short_track,cluster_6,2026-07-19,kyle_larson,Kyle Larson,5,hendrick_motorsports,Hendrick Motorsports,chevrolet,Chevrolet,routed_consensus,9.615641404068565,0.961534067020229,conventional_speedway,3
2026,21,cup_2026_r21,5618,Window World 450,north_wilkesboro_speedway,North Wilkesboro Speedway,short_track,cluster_6,2026-07-19,brad_keselowski,Brad Keselowski,6,rfk_racing,RFK Racing,ford,Ford,routed_consensus,20.68955826543032,1.3176252444837604,conventional_speedway,22
2026,21,cup_2026_r21,5618,Window World 450,north_wilkesboro_speedway,North Wilkesboro Speedway,short_track,cluster_6,2026-07-19,daniel_suarez,Daniel Suarez,7,spire_motorsports,Spire Motorsports,chevrolet,Chevrolet,routed_consensus,16.352395800965823,1.328367139921001,conventional_speedway,15
2026,21,cup_2026_r21,5618,Window World 450,north_wilkesboro_speedway,North Wilkesboro Speedway,short_track,cluster_6,2026-07-19,chase_elliott,Chase Elliott,9,hendrick_motorsports,Hendrick Motorsports,chevrolet,Chevrolet,routed_consensus,12.746379917362479,0.9621659060571706,conventional_speedway,7
2026,21,cup_2026_r21,5618,Window World 450,north_wilkesboro_speedway,North Wilkesboro Speedway,short_track,cluster_6,2026-07-19,ty_dillon,Ty Dillon,10,kaulig_racing,Kaulig Racing,chevrolet,Chevrolet,routed_consensus,28.440093838091556,1.8005200704191244,conventional_speedway,34
2026,21,cup_2026_r21,5618,Window World 450,north_wilkesboro_speedway,North Wilkesboro Speedway,short_track,cluster_6,2026-07-19,denny_hamlin,Denny Hamlin,11,joe_gibbs_racing,Joe Gibbs Racing,toyota,Toyota,routed_consensus,9.227564878407012,1.2806349357221638,conventional_speedway,2
2026,21,cup_2026_r21,5618,Window World 450,north_wilkesboro_speedway,North Wilkesboro Speedway,short_track,cluster_6,2026-07-19,ryan_blaney,Ryan Blaney,12,team_penske,Team Penske,ford,Ford,routed_consensus,10.132483500773208,0.9701476236436879,conventional_speedway,4
2026,21,cup_2026_r21,5618,Window World 450,north_wilkesboro_speedway,North Wilkesboro Speedway,short_track,cluster_6,2026-07-19,aj_allmendinger,A.J. Allmendinger,16,kaulig_racing,Kaulig Racing,chevrolet,Chevrolet,routed_consensus,19.635495795242427,1.4655242880437886,conventional_speedway,21
2026,21,cup_2026_r21,5618,Window World 450,north_wilkesboro_speedway,North Wilkesboro Speedway,short_track,cluster_6,2026-07-19,chris_buescher,Chris Buescher,17,rfk_racing,RFK Racing,ford,Ford,routed_consensus,15.035189175302143,1.1143967350576436,conventional_speedway,12
2026,21,cup_2026_r21,5618,Window World 450,north_wilkesboro_speedway,North Wilkesboro Speedway,short_track,cluster_6,2026-07-19,chase_briscoe,Chase Briscoe,19,joe_gibbs_racing,Joe Gibbs Racing,toyota,Toyota,routed_consensus,10.839081816725706,1.304809566364101,conventional_speedway,5
2026,21,cup_2026_r21,5618,Window World 450,north_wilkesboro_speedway,North Wilkesboro Speedway,short_track,cluster_6,2026-07-19,christopher_bell,Christopher Bell,20,joe_gibbs_racing,Joe Gibbs Racing,toyota,Toyota,routed_consensus,13.074341967618048,1.299404795989803,conventional_speedway,9
2026,21,cup_2026_r21,5618,Window World 450,north_wilkesboro_speedway,North Wilkesboro Speedway,short_track,cluster_6,2026-07-19,josh_berry,Josh Berry,21,wood_brothers_racing,Wood Brothers Racing,ford,Ford,routed_consensus,26.31921832850301,1.3161495765302693,conventional_speedway,32
2026,21,cup_2026_r21,5618,Window World 450,north_wilkesboro_speedway,North Wilkesboro Speedway,short_track,cluster_6,2026-07-19,joey_logano,Joey Logano,22,team_penske,Team Penske,ford,Ford,routed_consensus,16.086509253588034,1.0331074377153433,conventional_speedway,13
2026,21,cup_2026_r21,5618,Window World 450,north_wilkesboro_speedway,North Wilkesboro Speedway,short_track,cluster_6,2026-07-19,bubba_wallace,Bubba Wallace,23,23xi_racing,23XI Racing,toyota,Toyota,routed_consensus,16.3140880973644,0.9881775071476018,conventional_speedway,14
2026,21,cup_2026_r21,5618,Window World 450,north_wilkesboro_speedway,North Wilkesboro Speedway,short_track,cluster_6,2026-07-19,william_byron,William Byron,24,hendrick_motorsports,Hendrick Motorsports,chevrolet,Chevrolet,routed_consensus,12.74899753109422,0.9658388336751973,conventional_speedway,8
2026,21,cup_2026_r21,5618,Window World 450,north_wilkesboro_speedway,North Wilkesboro Speedway,short_track,cluster_6,2026-07-19,austin_hill,Austin Hill,33,richard_childress_racing,Richard Childress Racing,chevrolet,Chevrolet,routed_consensus,27.603114310329595,1.8648678680513417,conventional_speedway,33
2026,21,cup_2026_r21,5618,Window World 450,north_wilkesboro_speedway,North Wilkesboro Speedway,short_track,cluster_6,2026-07-19,todd_gilliland,Todd Gilliland,34,front_row_motorsports,Front Row Motorsports,ford,Ford,routed_consensus,24.158302773472773,1.5065306504819906,conventional_speedway,29
2026,21,cup_2026_r21,5618,Window World 450,north_wilkesboro_speedway,North Wilkesboro Speedway,short_track,cluster_6,2026-07-19,riley_herbst,Riley Herbst,35,23xi_racing,23XI Racing,toyota,Toyota,routed_consensus,21.728231673296804,1.581723221168331,conventional_speedway,26
2026,21,cup_2026_r21,5618,Window World 450,north_wilkesboro_speedway,North Wilkesboro Speedway,short_track,cluster_6,2026-07-19,zane_smith,Zane Smith,38,front_row_motorsports,Front Row Motorsports,ford,Ford,routed_consensus,21.344385487543924,1.3444157084081685,conventional_speedway,23
2026,21,cup_2026_r21,5618,Window World 450,north_wilkesboro_speedway,North Wilkesboro Speedway,short_track,cluster_6,2026-07-19,cole_custer,Cole Custer,41,haas_factory_team,Haas Factory Team,chevrolet,Chevrolet,routed_consensus,24.661148470652282,1.5197277208421742,conventional_speedway,31
2026,21,cup_2026_r21,5618,Window World 450,north_wilkesboro_speedway,North Wilkesboro Speedway,short_track,cluster_6,2026-07-19,john_hunter_nemechek,John Hunter Nemechek,42,legacy_motor_club,Legacy Motor Club,toyota,Toyota,routed_consensus,23.39887244991145,1.5459154983614003,conventional_speedway,28
2026,21,cup_2026_r21,5618,Window World 450,north_wilkesboro_speedway,North Wilkesboro Speedway,short_track,cluster_6,2026-07-19,erik_jones,Erik Jones,43,legacy_motor_club,Legacy Motor Club,toyota,Toyota,routed_consensus,21.49015269805539,1.5303642889116322,conventional_speedway,24
2026,21,cup_2026_r21,5618,Window World 450,north_wilkesboro_speedway,North Wilkesboro Speedway,short_track,cluster_6,2026-07-19,tyler_reddick,Tyler Reddick,45,23xi_racing,23XI Racing,toyota,Toyota,routed_consensus,13.26760917501057,0.9791523357484853,conventional_speedway,10
2026,21,cup_2026_r21,5618,Window World 450,north_wilkesboro_speedway,North Wilkesboro Speedway,short_track,cluster_6,2026-07-19,ricky_stenhouse_jr,Ricky Stenhouse Jr.,47,hyak_motorsports,Hyak Motorsports,chevrolet,Chevrolet,routed_consensus,23.019889591133072,1.5633028586957967,conventional_speedway,27
2026,21,cup_2026_r21,5618,Window World 450,north_wilkesboro_speedway,North Wilkesboro Speedway,short_track,cluster_6,2026-07-19,alex_bowman,Alex Bowman,48,hendrick_motorsports,Hendrick Motorsports,chevrolet,Chevrolet,routed_consensus,16.417502509860103,1.028920798525623,conventional_speedway,16
2026,21,cup_2026_r21,5618,Window World 450,north_wilkesboro_speedway,North Wilkesboro Speedway,short_track,cluster_6,2026-07-19,cody_ware,Cody Ware,51,rick_ware_racing,Rick Ware Racing,chevrolet,Chevrolet,routed_consensus,34.30471176063674,3.5103813191507376,conventional_speedway,36
2026,21,cup_2026_r21,5618,Window World 450,north_wilkesboro_speedway,North Wilkesboro Speedway,short_track,cluster_6,2026-07-19,ty_gibbs,Ty Gibbs,54,joe_gibbs_racing,Joe Gibbs Racing,toyota,Toyota,routed_consensus,9.079063299380255,1.295510153994373,conventional_speedway,1
2026,21,cup_2026_r21,5618,Window World 450,north_wilkesboro_speedway,North Wilkesboro Speedway,short_track,cluster_6,2026-07-19,ryan_preece,Ryan Preece,60,rfk_racing,RFK Racing,ford,Ford,routed_consensus,19.586802874429512,1.1583868881319082,conventional_speedway,20
2026,21,cup_2026_r21,5618,Window World 450,north_wilkesboro_speedway,North Wilkesboro Speedway,short_track,cluster_6,2026-07-19,chad_finchum,Chad Finchum,66,garage_66,Garage 66,ford,Ford,routed_consensus,36.46673824109414,4.291625001058391,conventional_speedway,38
2026,21,cup_2026_r21,5618,Window World 450,north_wilkesboro_speedway,North Wilkesboro Speedway,short_track,cluster_6,2026-07-19,michael_mcdowell,Michael McDowell,71,spire_motorsports,Spire Motorsports,chevrolet,Chevrolet,routed_consensus,17.568887654430302,1.2749198337648426,conventional_speedway,18
2026,21,cup_2026_r21,5618,Window World 450,north_wilkesboro_speedway,North Wilkesboro Speedway,short_track,cluster_6,2026-07-19,carson_hocevar,Carson Hocevar,77,spire_motorsports,Spire Motorsports,chevrolet,Chevrolet,routed_consensus,11.337044519992466,1.003782527670673,conventional_speedway,6
2026,21,cup_2026_r21,5618,Window World 450,north_wilkesboro_speedway,North Wilkesboro Speedway,short_track,cluster_6,2026-07-19,bj_mcleod,B.J. McLeod,78,live_fast_motorsports,Live Fast Motorsports,chevrolet,Chevrolet,routed_consensus,35.59051339835033,3.518134965524486,conventional_speedway,37
2026,21,cup_2026_r21,5618,Window World 450,north_wilkesboro_speedway,North Wilkesboro Speedway,short_track,cluster_6,2026-07-19,connor_zilisch,Connor Zilisch,88,trackhouse_racing,Trackhouse Racing,chevrolet,Chevrolet,routed_consensus,24.470945213772936,1.6971077462289845,conventional_speedway,30
2026,21,cup_2026_r21,5618,Window World 450,north_wilkesboro_speedway,North Wilkesboro Speedway,short_track,cluster_6,2026-07-19,shane_van_gisbergen,Shane van Gisbergen,97,trackhouse_racing,Trackhouse Racing,chevrolet,Chevrolet,routed_consensus,18.154866794473236,1.4946593483541524,conventional_speedway,19
