season,round,event_id,race_id,race_name,track_id,track_name,track_primary_family,track_cluster_id,race_date,driver_id,driver_name,car_number,owner_id,owner_name,manufacturer_id,manufacturer,model,predicted_finish_score,predicted_finish_position,finish_route,predicted_finish_rank
2026,21,cup_2026_r21,5618,Window World 450,north_wilkesboro_speedway,North Wilkesboro Speedway,short_track,cluster_6,2026-07-19,ross_chastain,Ross Chastain,1,trackhouse_racing,Trackhouse Racing,chevrolet,Chevrolet,recency_baseline,0.21731767572683558,17.59130849068916,overall,15
2026,21,cup_2026_r21,5618,Window World 450,north_wilkesboro_speedway,North Wilkesboro Speedway,short_track,cluster_6,2026-07-19,austin_cindric,Austin Cindric,2,team_penske,Team Penske,ford,Ford,recency_baseline,0.22042676744312018,17.392074172965632,overall,14
2026,21,cup_2026_r21,5618,Window World 450,north_wilkesboro_speedway,North Wilkesboro Speedway,short_track,cluster_6,2026-07-19,austin_dillon,Austin Dillon,3,richard_childress_racing,Richard Childress Racing,chevrolet,Chevrolet,recency_baseline,0.16537936589600935,21.278222762199462,overall,26
2026,21,cup_2026_r21,5618,Window World 450,north_wilkesboro_speedway,North Wilkesboro Speedway,short_track,cluster_6,2026-07-19,noah_gragson,Noah Gragson,4,front_row_motorsports,Front Row Motorsports,ford,Ford,recency_baseline,0.10324734937073929,26.717228431178924,overall,32
2026,21,cup_2026_r21,5618,Window World 450,north_wilkesboro_speedway,North Wilkesboro Speedway,short_track,cluster_6,2026-07-19,kyle_larson,Kyle Larson,5,hendrick_motorsports,Hendrick Motorsports,chevrolet,Chevrolet,recency_baseline,0.23516544735092046,16.477874352870028,overall,13
2026,21,cup_2026_r21,5618,Window World 450,north_wilkesboro_speedway,North Wilkesboro Speedway,short_track,cluster_6,2026-07-19,brad_keselowski,Brad Keselowski,6,rfk_racing,RFK Racing,ford,Ford,recency_baseline,0.1517548575510262,22.36726196526298,overall,29
2026,21,cup_2026_r21,5618,Window World 450,north_wilkesboro_speedway,North Wilkesboro Speedway,short_track,cluster_6,2026-07-19,daniel_suarez,Daniel Suarez,7,spire_motorsports,Spire Motorsports,chevrolet,Chevrolet,recency_baseline,0.2449309218313434,15.89877583824979,overall,11
2026,21,cup_2026_r21,5618,Window World 450,north_wilkesboro_speedway,North Wilkesboro Speedway,short_track,cluster_6,2026-07-19,chase_elliott,Chase Elliott,9,hendrick_motorsports,Hendrick Motorsports,chevrolet,Chevrolet,recency_baseline,0.27319150076089044,14.335052216165705,overall,5
2026,21,cup_2026_r21,5618,Window World 450,north_wilkesboro_speedway,North Wilkesboro Speedway,short_track,cluster_6,2026-07-19,ty_dillon,Ty Dillon,10,kaulig_racing,Kaulig Racing,chevrolet,Chevrolet,recency_baseline,0.11534277082306896,25.55917353778044,overall,31
2026,21,cup_2026_r21,5618,Window World 450,north_wilkesboro_speedway,North Wilkesboro Speedway,short_track,cluster_6,2026-07-19,denny_hamlin,Denny Hamlin,11,joe_gibbs_racing,Joe Gibbs Racing,toyota,Toyota,recency_baseline,0.385246883215645,9.508498146599829,overall,2
2026,21,cup_2026_r21,5618,Window World 450,north_wilkesboro_speedway,North Wilkesboro Speedway,short_track,cluster_6,2026-07-19,ryan_blaney,Ryan Blaney,12,team_penske,Team Penske,ford,Ford,recency_baseline,0.3930928634771595,9.239074406021045,overall,1
2026,21,cup_2026_r21,5618,Window World 450,north_wilkesboro_speedway,North Wilkesboro Speedway,short_track,cluster_6,2026-07-19,aj_allmendinger,A.J. Allmendinger,16,kaulig_racing,Kaulig Racing,chevrolet,Chevrolet,recency_baseline,0.16836459018487246,21.0467802453156,overall,24
2026,21,cup_2026_r21,5618,Window World 450,north_wilkesboro_speedway,North Wilkesboro Speedway,short_track,cluster_6,2026-07-19,chris_buescher,Chris Buescher,17,rfk_racing,RFK Racing,ford,Ford,recency_baseline,0.2841819944858885,13.769326358747394,overall,4
2026,21,cup_2026_r21,5618,Window World 450,north_wilkesboro_speedway,North Wilkesboro Speedway,short_track,cluster_6,2026-07-19,chase_briscoe,Chase Briscoe,19,joe_gibbs_racing,Joe Gibbs Racing,toyota,Toyota,recency_baseline,0.2662785132965036,14.702740391900754,overall,8
2026,21,cup_2026_r21,5618,Window World 450,north_wilkesboro_speedway,North Wilkesboro Speedway,short_track,cluster_6,2026-07-19,christopher_bell,Christopher Bell,20,joe_gibbs_racing,Joe Gibbs Racing,toyota,Toyota,recency_baseline,0.27177619976252154,14.409573100525161,overall,6
2026,21,cup_2026_r21,5618,Window World 450,north_wilkesboro_speedway,North Wilkesboro Speedway,short_track,cluster_6,2026-07-19,josh_berry,Josh Berry,21,wood_brothers_racing,Wood Brothers Racing,ford,Ford,recency_baseline,0.09947183757268777,27.089343916082942,overall,33
2026,21,cup_2026_r21,5618,Window World 450,north_wilkesboro_speedway,North Wilkesboro Speedway,short_track,cluster_6,2026-07-19,joey_logano,Joey Logano,22,team_penske,Team Penske,ford,Ford,recency_baseline,0.20497019283280107,18.40533759196097,overall,19
2026,21,cup_2026_r21,5618,Window World 450,north_wilkesboro_speedway,North Wilkesboro Speedway,short_track,cluster_6,2026-07-19,bubba_wallace,Bubba Wallace,23,23xi_racing,23XI Racing,toyota,Toyota,recency_baseline,0.2158408630962386,17.68674233713181,overall,16
2026,21,cup_2026_r21,5618,Window World 450,north_wilkesboro_speedway,North Wilkesboro Speedway,short_track,cluster_6,2026-07-19,william_byron,William Byron,24,hendrick_motorsports,Hendrick Motorsports,chevrolet,Chevrolet,recency_baseline,0.2433816171664148,15.98927345105262,overall,12
2026,21,cup_2026_r21,5618,Window World 450,north_wilkesboro_speedway,North Wilkesboro Speedway,short_track,cluster_6,2026-07-19,austin_hill,Austin Hill,33,richard_childress_racing,Richard Childress Racing,chevrolet,Chevrolet,recency_baseline,0.0864886864611311,28.408972023215473,overall,35
2026,21,cup_2026_r21,5618,Window World 450,north_wilkesboro_speedway,North Wilkesboro Speedway,short_track,cluster_6,2026-07-19,todd_gilliland,Todd Gilliland,34,front_row_motorsports,Front Row Motorsports,ford,Ford,recency_baseline,0.17670298116746438,20.41355991128957,overall,23
2026,21,cup_2026_r21,5618,Window World 450,north_wilkesboro_speedway,North Wilkesboro Speedway,short_track,cluster_6,2026-07-19,riley_herbst,Riley Herbst,35,23xi_racing,23XI Racing,toyota,Toyota,recency_baseline,0.1666742368451231,21.177521332156388,overall,25
2026,21,cup_2026_r21,5618,Window World 450,north_wilkesboro_speedway,North Wilkesboro Speedway,short_track,cluster_6,2026-07-19,zane_smith,Zane Smith,38,front_row_motorsports,Front Row Motorsports,ford,Ford,recency_baseline,0.1610210389736122,21.620699014328352,overall,27
2026,21,cup_2026_r21,5618,Window World 450,north_wilkesboro_speedway,North Wilkesboro Speedway,short_track,cluster_6,2026-07-19,cole_custer,Cole Custer,41,haas_factory_team,Haas Factory Team,chevrolet,Chevrolet,recency_baseline,0.1346164981410505,23.81667121317455,overall,30
2026,21,cup_2026_r21,5618,Window World 450,north_wilkesboro_speedway,North Wilkesboro Speedway,short_track,cluster_6,2026-07-19,john_hunter_nemechek,John Hunter Nemechek,42,legacy_motor_club,Legacy Motor Club,toyota,Toyota,recency_baseline,0.18074573259785023,20.113445313014328,overall,22
2026,21,cup_2026_r21,5618,Window World 450,north_wilkesboro_speedway,North Wilkesboro Speedway,short_track,cluster_6,2026-07-19,erik_jones,Erik Jones,43,legacy_motor_club,Legacy Motor Club,toyota,Toyota,recency_baseline,0.25607093943211645,15.262975194665389,overall,9
2026,21,cup_2026_r21,5618,Window World 450,north_wilkesboro_speedway,North Wilkesboro Speedway,short_track,cluster_6,2026-07-19,tyler_reddick,Tyler Reddick,45,23xi_racing,23XI Racing,toyota,Toyota,recency_baseline,0.25312729246468646,15.428465400683615,overall,10
2026,21,cup_2026_r21,5618,Window World 450,north_wilkesboro_speedway,North Wilkesboro Speedway,short_track,cluster_6,2026-07-19,ricky_stenhouse_jr,Ricky Stenhouse Jr.,47,hyak_motorsports,Hyak Motorsports,chevrolet,Chevrolet,recency_baseline,0.155048861693641,22.098960763737562,overall,28
2026,21,cup_2026_r21,5618,Window World 450,north_wilkesboro_speedway,North Wilkesboro Speedway,short_track,cluster_6,2026-07-19,alex_bowman,Alex Bowman,48,hendrick_motorsports,Hendrick Motorsports,chevrolet,Chevrolet,recency_baseline,0.19214523741386505,19.29075033649012,overall,20
2026,21,cup_2026_r21,5618,Window World 450,north_wilkesboro_speedway,North Wilkesboro Speedway,short_track,cluster_6,2026-07-19,cody_ware,Cody Ware,51,rick_ware_racing,Rick Ware Racing,chevrolet,Chevrolet,recency_baseline,0.0779713867238085,29.309411153651997,overall,36
2026,21,cup_2026_r21,5618,Window World 450,north_wilkesboro_speedway,North Wilkesboro Speedway,short_track,cluster_6,2026-07-19,ty_gibbs,Ty Gibbs,54,joe_gibbs_racing,Joe Gibbs Racing,toyota,Toyota,recency_baseline,0.3274432849162703,11.751172069694405,overall,3
2026,21,cup_2026_r21,5618,Window World 450,north_wilkesboro_speedway,North Wilkesboro Speedway,short_track,cluster_6,2026-07-19,ryan_preece,Ryan Preece,60,rfk_racing,RFK Racing,ford,Ford,recency_baseline,0.18448396695206964,19.839864267514223,overall,21
2026,21,cup_2026_r21,5618,Window World 450,north_wilkesboro_speedway,North Wilkesboro Speedway,short_track,cluster_6,2026-07-19,chad_finchum,Chad Finchum,66,garage_66,Garage 66,ford,Ford,recency_baseline,0.03871138856141107,33.84326751091005,overall,38
2026,21,cup_2026_r21,5618,Window World 450,north_wilkesboro_speedway,North Wilkesboro Speedway,short_track,cluster_6,2026-07-19,michael_mcdowell,Michael McDowell,71,spire_motorsports,Spire Motorsports,chevrolet,Chevrolet,recency_baseline,0.21171587217898968,17.956057028672056,overall,17
2026,21,cup_2026_r21,5618,Window World 450,north_wilkesboro_speedway,North Wilkesboro Speedway,short_track,cluster_6,2026-07-19,carson_hocevar,Carson Hocevar,77,spire_motorsports,Spire Motorsports,chevrolet,Chevrolet,recency_baseline,0.268621326011572,14.577086219263807,overall,7
2026,21,cup_2026_r21,5618,Window World 450,north_wilkesboro_speedway,North Wilkesboro Speedway,short_track,cluster_6,2026-07-19,bj_mcleod,B.J. McLeod,78,live_fast_motorsports,Live Fast Motorsports,chevrolet,Chevrolet,recency_baseline,0.0651449958617399,30.719540111950426,overall,37
2026,21,cup_2026_r21,5618,Window World 450,north_wilkesboro_speedway,North Wilkesboro Speedway,short_track,cluster_6,2026-07-19,connor_zilisch,Connor Zilisch,88,trackhouse_racing,Trackhouse Racing,chevrolet,Chevrolet,recency_baseline,0.09073600990949988,27.970340483357557,overall,34
2026,21,cup_2026_r21,5618,Window World 450,north_wilkesboro_speedway,North Wilkesboro Speedway,short_track,cluster_6,2026-07-19,shane_van_gisbergen,Shane van Gisbergen,97,trackhouse_racing,Trackhouse Racing,chevrolet,Chevrolet,recency_baseline,0.209356019468892,18.11196849956943,overall,18
2026,21,cup_2026_r21,5618,Window World 450,north_wilkesboro_speedway,North Wilkesboro Speedway,short_track,cluster_6,2026-07-19,ross_chastain,Ross Chastain,1,trackhouse_racing,Trackhouse Racing,chevrolet,Chevrolet,xgb_owner_track,0.2962827980518341,13.172236917211274,overall,17
2026,21,cup_2026_r21,5618,Window World 450,north_wilkesboro_speedway,North Wilkesboro Speedway,short_track,cluster_6,2026-07-19,austin_cindric,Austin Cindric,2,team_penske,Team Penske,ford,Ford,xgb_owner_track,0.29517626762390137,13.225743470496528,overall,18
2026,21,cup_2026_r21,5618,Window World 450,north_wilkesboro_speedway,North Wilkesboro Speedway,short_track,cluster_6,2026-07-19,austin_dillon,Austin Dillon,3,richard_childress_racing,Richard Childress Racing,chevrolet,Chevrolet,xgb_owner_track,0.25347599387168884,15.408768288396463,overall,19
2026,21,cup_2026_r21,5618,Window World 450,north_wilkesboro_speedway,North Wilkesboro Speedway,short_track,cluster_6,2026-07-19,noah_gragson,Noah Gragson,4,front_row_motorsports,Front Row Motorsports,ford,Ford,xgb_owner_track,0.14486005902290344,22.93944435717004,overall,35
2026,21,cup_2026_r21,5618,Window World 450,north_wilkesboro_speedway,North Wilkesboro Speedway,short_track,cluster_6,2026-07-19,kyle_larson,Kyle Larson,5,hendrick_motorsports,Hendrick Motorsports,chevrolet,Chevrolet,xgb_owner_track,0.5118739604949951,5.979158486909,overall,4
2026,21,cup_2026_r21,5618,Window World 450,north_wilkesboro_speedway,North Wilkesboro Speedway,short_track,cluster_6,2026-07-19,brad_keselowski,Brad Keselowski,6,rfk_racing,RFK Racing,ford,Ford,xgb_owner_track,0.3453042209148407,11.006855942406524,overall,12
2026,21,cup_2026_r21,5618,Window World 450,north_wilkesboro_speedway,North Wilkesboro Speedway,short_track,cluster_6,2026-07-19,daniel_suarez,Daniel Suarez,7,spire_motorsports,Spire Motorsports,chevrolet,Chevrolet,xgb_owner_track,0.21571290493011475,17.695035518413587,overall,28
2026,21,cup_2026_r21,5618,Window World 450,north_wilkesboro_speedway,North Wilkesboro Speedway,short_track,cluster_6,2026-07-19,chase_elliott,Chase Elliott,9,hendrick_motorsports,Hendrick Motorsports,chevrolet,Chevrolet,xgb_owner_track,0.4484189450740814,7.543989832408612,overall,6
2026,21,cup_2026_r21,5618,Window World 450,north_wilkesboro_speedway,North Wilkesboro Speedway,short_track,cluster_6,2026-07-19,ty_dillon,Ty Dillon,10,kaulig_racing,Kaulig Racing,chevrolet,Chevrolet,xgb_owner_track,0.15140673518180847,22.39580664866885,overall,34
2026,21,cup_2026_r21,5618,Window World 450,north_wilkesboro_speedway,North Wilkesboro Speedway,short_track,cluster_6,2026-07-19,denny_hamlin,Denny Hamlin,11,joe_gibbs_racing,Joe Gibbs Racing,toyota,Toyota,xgb_owner_track,0.6845285296440125,3.176402220956818,overall,1
2026,21,cup_2026_r21,5618,Window World 450,north_wilkesboro_speedway,North Wilkesboro Speedway,short_track,cluster_6,2026-07-19,ryan_blaney,Ryan Blaney,12,team_penske,Team Penske,ford,Ford,xgb_owner_track,0.5642427206039429,4.9353503132011705,overall,2
2026,21,cup_2026_r21,5618,Window World 450,north_wilkesboro_speedway,North Wilkesboro Speedway,short_track,cluster_6,2026-07-19,aj_allmendinger,A.J. Allmendinger,16,kaulig_racing,Kaulig Racing,chevrolet,Chevrolet,xgb_owner_track,0.22358225286006927,17.192173991760452,overall,26
2026,21,cup_2026_r21,5618,Window World 450,north_wilkesboro_speedway,North Wilkesboro Speedway,short_track,cluster_6,2026-07-19,chris_buescher,Chris Buescher,17,rfk_racing,RFK Racing,ford,Ford,xgb_owner_track,0.33196499943733215,11.558110592535508,overall,13
2026,21,cup_2026_r21,5618,Window World 450,north_wilkesboro_speedway,North Wilkesboro Speedway,short_track,cluster_6,2026-07-19,chase_briscoe,Chase Briscoe,19,joe_gibbs_racing,Joe Gibbs Racing,toyota,Toyota,xgb_owner_track,0.3991423547267914,9.036564093529615,overall,8
2026,21,cup_2026_r21,5618,Window World 450,north_wilkesboro_speedway,North Wilkesboro Speedway,short_track,cluster_6,2026-07-19,christopher_bell,Christopher Bell,20,joe_gibbs_racing,Joe Gibbs Racing,toyota,Toyota,xgb_owner_track,0.5494314432144165,5.210551392151219,overall,3
2026,21,cup_2026_r21,5618,Window World 450,north_wilkesboro_speedway,North Wilkesboro Speedway,short_track,cluster_6,2026-07-19,josh_berry,Josh Berry,21,wood_brothers_racing,Wood Brothers Racing,ford,Ford,xgb_owner_track,0.21455597877502441,17.770194567906714,overall,29
2026,21,cup_2026_r21,5618,Window World 450,north_wilkesboro_speedway,North Wilkesboro Speedway,short_track,cluster_6,2026-07-19,joey_logano,Joey Logano,22,team_penske,Team Penske,ford,Ford,xgb_owner_track,0.2965279519557953,13.160411762336402,overall,16
2026,21,cup_2026_r21,5618,Window World 450,north_wilkesboro_speedway,North Wilkesboro Speedway,short_track,cluster_6,2026-07-19,bubba_wallace,Bubba Wallace,23,23xi_racing,23XI Racing,toyota,Toyota,xgb_owner_track,0.3752885162830353,9.861803194316616,overall,10
2026,21,cup_2026_r21,5618,Window World 450,north_wilkesboro_speedway,North Wilkesboro Speedway,short_track,cluster_6,2026-07-19,william_byron,William Byron,24,hendrick_motorsports,Hendrick Motorsports,chevrolet,Chevrolet,xgb_owner_track,0.49993616342544556,6.24645868204546,overall,5
2026,21,cup_2026_r21,5618,Window World 450,north_wilkesboro_speedway,North Wilkesboro Speedway,short_track,cluster_6,2026-07-19,austin_hill,Austin Hill,33,richard_childress_racing,Richard Childress Racing,chevrolet,Chevrolet,xgb_owner_track,0.17768114805221558,20.340537313923974,overall,33
2026,21,cup_2026_r21,5618,Window World 450,north_wilkesboro_speedway,North Wilkesboro Speedway,short_track,cluster_6,2026-07-19,todd_gilliland,Todd Gilliland,34,front_row_motorsports,Front Row Motorsports,ford,Ford,xgb_owner_track,0.22732998430728912,16.957737758842,overall,25
2026,21,cup_2026_r21,5618,Window World 450,north_wilkesboro_speedway,North Wilkesboro Speedway,short_track,cluster_6,2026-07-19,riley_herbst,Riley Herbst,35,23xi_racing,23XI Racing,toyota,Toyota,xgb_owner_track,0.2426811307668686,16.03035902137914,overall,22
2026,21,cup_2026_r21,5618,Window World 450,north_wilkesboro_speedway,North Wilkesboro Speedway,short_track,cluster_6,2026-07-19,zane_smith,Zane Smith,38,front_row_motorsports,Front Row Motorsports,ford,Ford,xgb_owner_track,0.24242883920669556,16.04518250223409,overall,23
2026,21,cup_2026_r21,5618,Window World 450,north_wilkesboro_speedway,North Wilkesboro Speedway,short_track,cluster_6,2026-07-19,cole_custer,Cole Custer,41,haas_factory_team,Haas Factory Team,chevrolet,Chevrolet,xgb_owner_track,0.1993713229894638,18.78676277057456,overall,30
2026,21,cup_2026_r21,5618,Window World 450,north_wilkesboro_speedway,North Wilkesboro Speedway,short_track,cluster_6,2026-07-19,john_hunter_nemechek,John Hunter Nemechek,42,legacy_motor_club,Legacy Motor Club,toyota,Toyota,xgb_owner_track,0.18570223450660706,19.75151233205938,overall,31
2026,21,cup_2026_r21,5618,Window World 450,north_wilkesboro_speedway,North Wilkesboro Speedway,short_track,cluster_6,2026-07-19,erik_jones,Erik Jones,43,legacy_motor_club,Legacy Motor Club,toyota,Toyota,xgb_owner_track,0.2335469275712967,16.57587093364915,overall,24
2026,21,cup_2026_r21,5618,Window World 450,north_wilkesboro_speedway,North Wilkesboro Speedway,short_track,cluster_6,2026-07-19,tyler_reddick,Tyler Reddick,45,23xi_racing,23XI Racing,toyota,Toyota,xgb_owner_track,0.3870423138141632,9.446159623038827,overall,9
2026,21,cup_2026_r21,5618,Window World 450,north_wilkesboro_speedway,North Wilkesboro Speedway,short_track,cluster_6,2026-07-19,ricky_stenhouse_jr,Ricky Stenhouse Jr.,47,hyak_motorsports,Hyak Motorsports,chevrolet,Chevrolet,xgb_owner_track,0.2205687016248703,17.383032912668813,overall,27
2026,21,cup_2026_r21,5618,Window World 450,north_wilkesboro_speedway,North Wilkesboro Speedway,short_track,cluster_6,2026-07-19,alex_bowman,Alex Bowman,48,hendrick_motorsports,Hendrick Motorsports,chevrolet,Chevrolet,xgb_owner_track,0.36418062448501587,10.271401478836717,overall,11
2026,21,cup_2026_r21,5618,Window World 450,north_wilkesboro_speedway,North Wilkesboro Speedway,short_track,cluster_6,2026-07-19,cody_ware,Cody Ware,51,rick_ware_racing,Rick Ware Racing,chevrolet,Chevrolet,xgb_owner_track,0.08330380916595459,28.742389118748093,overall,38
2026,21,cup_2026_r21,5618,Window World 450,north_wilkesboro_speedway,North Wilkesboro Speedway,short_track,cluster_6,2026-07-19,ty_gibbs,Ty Gibbs,54,joe_gibbs_racing,Joe Gibbs Racing,toyota,Toyota,xgb_owner_track,0.4200725555419922,8.369548522265017,overall,7
2026,21,cup_2026_r21,5618,Window World 450,north_wilkesboro_speedway,North Wilkesboro Speedway,short_track,cluster_6,2026-07-19,ryan_preece,Ryan Preece,60,rfk_racing,RFK Racing,ford,Ford,xgb_owner_track,0.31536731123924255,12.282728151642779,overall,14
2026,21,cup_2026_r21,5618,Window World 450,north_wilkesboro_speedway,North Wilkesboro Speedway,short_track,cluster_6,2026-07-19,chad_finchum,Chad Finchum,66,garage_66,Garage 66,ford,Ford,xgb_owner_track,0.09937021136283875,27.099431532712153,overall,36
2026,21,cup_2026_r21,5618,Window World 450,north_wilkesboro_speedway,North Wilkesboro Speedway,short_track,cluster_6,2026-07-19,michael_mcdowell,Michael McDowell,71,spire_motorsports,Spire Motorsports,chevrolet,Chevrolet,xgb_owner_track,0.24389129877090454,15.959445337492568,overall,21
2026,21,cup_2026_r21,5618,Window World 450,north_wilkesboro_speedway,North Wilkesboro Speedway,short_track,cluster_6,2026-07-19,carson_hocevar,Carson Hocevar,77,spire_motorsports,Spire Motorsports,chevrolet,Chevrolet,xgb_owner_track,0.30916115641593933,12.56519501050888,overall,15
2026,21,cup_2026_r21,5618,Window World 450,north_wilkesboro_speedway,North Wilkesboro Speedway,short_track,cluster_6,2026-07-19,bj_mcleod,B.J. McLeod,78,live_fast_motorsports,Live Fast Motorsports,chevrolet,Chevrolet,xgb_owner_track,0.09475954622030258,27.56106826964225,overall,37
2026,21,cup_2026_r21,5618,Window World 450,north_wilkesboro_speedway,North Wilkesboro Speedway,short_track,cluster_6,2026-07-19,connor_zilisch,Connor Zilisch,88,trackhouse_racing,Trackhouse Racing,chevrolet,Chevrolet,xgb_owner_track,0.17857839167118073,20.27378555523841,overall,32
2026,21,cup_2026_r21,5618,Window World 450,north_wilkesboro_speedway,North Wilkesboro Speedway,short_track,cluster_6,2026-07-19,shane_van_gisbergen,Shane van Gisbergen,97,trackhouse_racing,Trackhouse Racing,chevrolet,Chevrolet,xgb_owner_track,0.24401900172233582,15.951980495076729,overall,20
2026,21,cup_2026_r21,5618,Window World 450,north_wilkesboro_speedway,North Wilkesboro Speedway,short_track,cluster_6,2026-07-19,ross_chastain,Ross Chastain,1,trackhouse_racing,Trackhouse Racing,chevrolet,Chevrolet,xgb_no_owner,0.3046676516532898,12.773758159516245,overall_no_owner,17
2026,21,cup_2026_r21,5618,Window World 450,north_wilkesboro_speedway,North Wilkesboro Speedway,short_track,cluster_6,2026-07-19,austin_cindric,Austin Cindric,2,team_penske,Team Penske,ford,Ford,xgb_no_owner,0.315646231174469,12.270183574446555,overall_no_owner,16
2026,21,cup_2026_r21,5618,Window World 450,north_wilkesboro_speedway,North Wilkesboro Speedway,short_track,cluster_6,2026-07-19,austin_dillon,Austin Dillon,3,richard_childress_racing,Richard Childress Racing,chevrolet,Chevrolet,xgb_no_owner,0.2795634865760803,14.004288148691762,overall_no_owner,19
2026,21,cup_2026_r21,5618,Window World 450,north_wilkesboro_speedway,North Wilkesboro Speedway,short_track,cluster_6,2026-07-19,noah_gragson,Noah Gragson,4,front_row_motorsports,Front Row Motorsports,ford,Ford,xgb_no_owner,0.15567854046821594,22.048040156358827,overall_no_owner,34
2026,21,cup_2026_r21,5618,Window World 450,north_wilkesboro_speedway,North Wilkesboro Speedway,short_track,cluster_6,2026-07-19,kyle_larson,Kyle Larson,5,hendrick_motorsports,Hendrick Motorsports,chevrolet,Chevrolet,xgb_no_owner,0.5465497970581055,5.265851031461699,overall_no_owner,2
2026,21,cup_2026_r21,5618,Window World 450,north_wilkesboro_speedway,North Wilkesboro Speedway,short_track,cluster_6,2026-07-19,brad_keselowski,Brad Keselowski,6,rfk_racing,RFK Racing,ford,Ford,xgb_no_owner,0.33103320002555847,11.597633989900366,overall_no_owner,15
2026,21,cup_2026_r21,5618,Window World 450,north_wilkesboro_speedway,North Wilkesboro Speedway,short_track,cluster_6,2026-07-19,daniel_suarez,Daniel Suarez,7,spire_motorsports,Spire Motorsports,chevrolet,Chevrolet,xgb_no_owner,0.2388448715209961,16.257246298642347,overall_no_owner,26
2026,21,cup_2026_r21,5618,Window World 450,north_wilkesboro_speedway,North Wilkesboro Speedway,short_track,cluster_6,2026-07-19,chase_elliott,Chase Elliott,9,hendrick_motorsports,Hendrick Motorsports,chevrolet,Chevrolet,xgb_no_owner,0.435846745967865,7.899584980754986,overall_no_owner,7
2026,21,cup_2026_r21,5618,Window World 450,north_wilkesboro_speedway,North Wilkesboro Speedway,short_track,cluster_6,2026-07-19,ty_dillon,Ty Dillon,10,kaulig_racing,Kaulig Racing,chevrolet,Chevrolet,xgb_no_owner,0.14472661912441254,22.95066139697125,overall_no_owner,35
2026,21,cup_2026_r21,5618,Window World 450,north_wilkesboro_speedway,North Wilkesboro Speedway,short_track,cluster_6,2026-07-19,denny_hamlin,Denny Hamlin,11,joe_gibbs_racing,Joe Gibbs Racing,toyota,Toyota,xgb_no_owner,0.641330361366272,3.7210590987502985,overall_no_owner,1
2026,21,cup_2026_r21,5618,Window World 450,north_wilkesboro_speedway,North Wilkesboro Speedway,short_track,cluster_6,2026-07-19,ryan_blaney,Ryan Blaney,12,team_penske,Team Penske,ford,Ford,xgb_no_owner,0.5072328448295593,6.0816914126205806,overall_no_owner,3
2026,21,cup_2026_r21,5618,Window World 450,north_wilkesboro_speedway,North Wilkesboro Speedway,short_track,cluster_6,2026-07-19,aj_allmendinger,A.J. Allmendinger,16,kaulig_racing,Kaulig Racing,chevrolet,Chevrolet,xgb_no_owner,0.2259170562028885,17.045744511661788,overall_no_owner,29
2026,21,cup_2026_r21,5618,Window World 450,north_wilkesboro_speedway,North Wilkesboro Speedway,short_track,cluster_6,2026-07-19,chris_buescher,Chris Buescher,17,rfk_racing,RFK Racing,ford,Ford,xgb_no_owner,0.34670406579971313,10.950552680662065,overall_no_owner,13
2026,21,cup_2026_r21,5618,Window World 450,north_wilkesboro_speedway,North Wilkesboro Speedway,short_track,cluster_6,2026-07-19,chase_briscoe,Chase Briscoe,19,joe_gibbs_racing,Joe Gibbs Racing,toyota,Toyota,xgb_no_owner,0.383985310792923,9.5525466974397375,overall_no_owner,8
2026,21,cup_2026_r21,5618,Window World 450,north_wilkesboro_speedway,North Wilkesboro Speedway,short_track,cluster_6,2026-07-19,christopher_bell,Christopher Bell,20,joe_gibbs_racing,Joe Gibbs Racing,toyota,Toyota,xgb_no_owner,0.4984706938266754,6.280085094742918,overall_no_owner,4
2026,21,cup_2026_r21,5618,Window World 450,north_wilkesboro_speedway,North Wilkesboro Speedway,short_track,cluster_6,2026-07-19,josh_berry,Josh Berry,21,wood_brothers_racing,Wood Brothers Racing,ford,Ford,xgb_no_owner,0.22614116966724396,17.031754787541857,overall_no_owner,28
2026,21,cup_2026_r21,5618,Window World 450,north_wilkesboro_speedway,North Wilkesboro Speedway,short_track,cluster_6,2026-07-19,joey_logano,Joey Logano,22,team_penske,Team Penske,ford,Ford,xgb_no_owner,0.3732199966907501,9.936821298926949,overall_no_owner,10
2026,21,cup_2026_r21,5618,Window World 450,north_wilkesboro_speedway,North Wilkesboro Speedway,short_track,cluster_6,2026-07-19,bubba_wallace,Bubba Wallace,23,23xi_racing,23XI Racing,toyota,Toyota,xgb_no_owner,0.35464856028556824,10.636428739755221,overall_no_owner,11
2026,21,cup_2026_r21,5618,Window World 450,north_wilkesboro_speedway,North Wilkesboro Speedway,short_track,cluster_6,2026-07-19,william_byron,William Byron,24,hendrick_motorsports,Hendrick Motorsports,chevrolet,Chevrolet,xgb_no_owner,0.45126232504844666,7.465812749442387,overall_no_owner,5
2026,21,cup_2026_r21,5618,Window World 450,north_wilkesboro_speedway,North Wilkesboro Speedway,short_track,cluster_6,2026-07-19,austin_hill,Austin Hill,33,richard_childress_racing,Richard Childress Racing,chevrolet,Chevrolet,xgb_no_owner,0.1678072214126587,21.089800728448125,overall_no_owner,33
2026,21,cup_2026_r21,5618,Window World 450,north_wilkesboro_speedway,North Wilkesboro Speedway,short_track,cluster_6,2026-07-19,todd_gilliland,Todd Gilliland,34,front_row_motorsports,Front Row Motorsports,ford,Ford,xgb_no_owner,0.24081648886203766,16.140240987126703,overall_no_owner,23
2026,21,cup_2026_r21,5618,Window World 450,north_wilkesboro_speedway,North Wilkesboro Speedway,short_track,cluster_6,2026-07-19,riley_herbst,Riley Herbst,35,23xi_racing,23XI Racing,toyota,Toyota,xgb_no_owner,0.2398977130651474,16.19466044180712,overall_no_owner,25
2026,21,cup_2026_r21,5618,Window World 450,north_wilkesboro_speedway,North Wilkesboro Speedway,short_track,cluster_6,2026-07-19,zane_smith,Zane Smith,38,front_row_motorsports,Front Row Motorsports,ford,Ford,xgb_no_owner,0.24287599325180054,16.018919180622223,overall_no_owner,22
2026,21,cup_2026_r21,5618,Window World 450,north_wilkesboro_speedway,North Wilkesboro Speedway,short_track,cluster_6,2026-07-19,cole_custer,Cole Custer,41,haas_factory_team,Haas Factory Team,chevrolet,Chevrolet,xgb_no_owner,0.23571011424064636,16.445026844046545,overall_no_owner,27
2026,21,cup_2026_r21,5618,Window World 450,north_wilkesboro_speedway,North Wilkesboro Speedway,short_track,cluster_6,2026-07-19,john_hunter_nemechek,John Hunter Nemechek,42,legacy_motor_club,Legacy Motor Club,toyota,Toyota,xgb_no_owner,0.21838419139385223,17.52270902760046,overall_no_owner,30
2026,21,cup_2026_r21,5618,Window World 450,north_wilkesboro_speedway,North Wilkesboro Speedway,short_track,cluster_6,2026-07-19,erik_jones,Erik Jones,43,legacy_motor_club,Legacy Motor Club,toyota,Toyota,xgb_no_owner,0.23994439840316772,16.1918908311691,overall_no_owner,24
2026,21,cup_2026_r21,5618,Window World 450,north_wilkesboro_speedway,North Wilkesboro Speedway,short_track,cluster_6,2026-07-19,tyler_reddick,Tyler Reddick,45,23xi_racing,23XI Racing,toyota,Toyota,xgb_no_owner,0.3775004744529724,9.782209575831716,overall_no_owner,9
2026,21,cup_2026_r21,5618,Window World 450,north_wilkesboro_speedway,North Wilkesboro Speedway,short_track,cluster_6,2026-07-19,ricky_stenhouse_jr,Ricky Stenhouse Jr.,47,hyak_motorsports,Hyak Motorsports,chevrolet,Chevrolet,xgb_no_owner,0.2121453583240509,17.927826304886285,overall_no_owner,31
2026,21,cup_2026_r21,5618,Window World 450,north_wilkesboro_speedway,North Wilkesboro Speedway,short_track,cluster_6,2026-07-19,alex_bowman,Alex Bowman,48,hendrick_motorsports,Hendrick Motorsports,chevrolet,Chevrolet,xgb_no_owner,0.35118117928504944,10.772404732207065,overall_no_owner,12
2026,21,cup_2026_r21,5618,Window World 450,north_wilkesboro_speedway,North Wilkesboro Speedway,short_track,cluster_6,2026-07-19,cody_ware,Cody Ware,51,rick_ware_racing,Rick Ware Racing,chevrolet,Chevrolet,xgb_no_owner,0.11757944524288177,25.350592439653056,overall_no_owner,38
2026,21,cup_2026_r21,5618,Window World 450,north_wilkesboro_speedway,North Wilkesboro Speedway,short_track,cluster_6,2026-07-19,ty_gibbs,Ty Gibbs,54,joe_gibbs_racing,Joe Gibbs Racing,toyota,Toyota,xgb_no_owner,0.4509379267692566,7.474690792225276,overall_no_owner,6
2026,21,cup_2026_r21,5618,Window World 450,north_wilkesboro_speedway,North Wilkesboro Speedway,short_track,cluster_6,2026-07-19,ryan_preece,Ryan Preece,60,rfk_racing,RFK Racing,ford,Ford,xgb_no_owner,0.3014277219772339,12.926282022194505,overall_no_owner,18
2026,21,cup_2026_r21,5618,Window World 450,north_wilkesboro_speedway,North Wilkesboro Speedway,short_track,cluster_6,2026-07-19,chad_finchum,Chad Finchum,66,garage_66,Garage 66,ford,Ford,xgb_no_owner,0.13469409942626953,23.809901165200387,overall_no_owner,36
2026,21,cup_2026_r21,5618,Window World 450,north_wilkesboro_speedway,North Wilkesboro Speedway,short_track,cluster_6,2026-07-19,michael_mcdowell,Michael McDowell,71,spire_motorsports,Spire Motorsports,chevrolet,Chevrolet,xgb_no_owner,0.26382991671562195,14.835225915122127,overall_no_owner,21
2026,21,cup_2026_r21,5618,Window World 450,north_wilkesboro_speedway,North Wilkesboro Speedway,short_track,cluster_6,2026-07-19,carson_hocevar,Carson Hocevar,77,spire_motorsports,Spire Motorsports,chevrolet,Chevrolet,xgb_no_owner,0.3338335454463959,11.479259356671019,overall_no_owner,14
2026,21,cup_2026_r21,5618,Window World 450,north_wilkesboro_speedway,North Wilkesboro Speedway,short_track,cluster_6,2026-07-19,bj_mcleod,B.J. McLeod,78,live_fast_motorsports,Live Fast Motorsports,chevrolet,Chevrolet,xgb_no_owner,0.12881261110305786,24.328504912920963,overall_no_owner,37
2026,21,cup_2026_r21,5618,Window World 450,north_wilkesboro_speedway,North Wilkesboro Speedway,short_track,cluster_6,2026-07-19,connor_zilisch,Connor Zilisch,88,trackhouse_racing,Trackhouse Racing,chevrolet,Chevrolet,xgb_no_owner,0.19979894161224365,18.757354334772337,overall_no_owner,32
2026,21,cup_2026_r21,5618,Window World 450,north_wilkesboro_speedway,North Wilkesboro Speedway,short_track,cluster_6,2026-07-19,shane_van_gisbergen,Shane van Gisbergen,97,trackhouse_racing,Trackhouse Racing,chevrolet,Chevrolet,xgb_no_owner,0.2718973159790039,14.403180750235409,overall_no_owner,20
2026,21,cup_2026_r21,5618,Window World 450,north_wilkesboro_speedway,North Wilkesboro Speedway,short_track,cluster_6,2026-07-19,ross_chastain,Ross Chastain,1,trackhouse_racing,Trackhouse Racing,chevrolet,Chevrolet,xgb_drafting_specialist,0.2975429892539978,13.111563655404261,drafting_superspeedway,12
2026,21,cup_2026_r21,5618,Window World 450,north_wilkesboro_speedway,North Wilkesboro Speedway,short_track,cluster_6,2026-07-19,austin_cindric,Austin Cindric,2,team_penske,Team Penske,ford,Ford,xgb_drafting_specialist,0.288583368062973,13.549080526267467,drafting_superspeedway,14
2026,21,cup_2026_r21,5618,Window World 450,north_wilkesboro_speedway,North Wilkesboro Speedway,short_track,cluster_6,2026-07-19,austin_dillon,Austin Dillon,3,richard_childress_racing,Richard Childress Racing,chevrolet,Chevrolet,xgb_drafting_specialist,0.280955046415329,13.933075052597475,drafting_superspeedway,17
2026,21,cup_2026_r21,5618,Window World 450,north_wilkesboro_speedway,North Wilkesboro Speedway,short_track,cluster_6,2026-07-19,noah_gragson,Noah Gragson,4,front_row_motorsports,Front Row Motorsports,ford,Ford,xgb_drafting_specialist,0.20938114821910858,18.110301175357684,drafting_superspeedway,33
2026,21,cup_2026_r21,5618,Window World 450,north_wilkesboro_speedway,North Wilkesboro Speedway,short_track,cluster_6,2026-07-19,kyle_larson,Kyle Larson,5,hendrick_motorsports,Hendrick Motorsports,chevrolet,Chevrolet,xgb_drafting_specialist,0.29313841462135315,13.324853735791542,drafting_superspeedway,13
2026,21,cup_2026_r21,5618,Window World 450,north_wilkesboro_speedway,North Wilkesboro Speedway,short_track,cluster_6,2026-07-19,brad_keselowski,Brad Keselowski,6,rfk_racing,RFK Racing,ford,Ford,xgb_drafting_specialist,0.28818565607070923,13.56883650024042,drafting_superspeedway,15
2026,21,cup_2026_r21,5618,Window World 450,north_wilkesboro_speedway,North Wilkesboro Speedway,short_track,cluster_6,2026-07-19,daniel_suarez,Daniel Suarez,7,spire_motorsports,Spire Motorsports,chevrolet,Chevrolet,xgb_drafting_specialist,0.27755436301231384,14.10774767655667,drafting_superspeedway,19
2026,21,cup_2026_r21,5618,Window World 450,north_wilkesboro_speedway,North Wilkesboro Speedway,short_track,cluster_6,2026-07-19,chase_elliott,Chase Elliott,9,hendrick_motorsports,Hendrick Motorsports,chevrolet,Chevrolet,xgb_drafting_specialist,0.3375462591648102,11.324178354509366,drafting_superspeedway,3
2026,21,cup_2026_r21,5618,Window World 450,north_wilkesboro_speedway,North Wilkesboro Speedway,short_track,cluster_6,2026-07-19,ty_dillon,Ty Dillon,10,kaulig_racing,Kaulig Racing,chevrolet,Chevrolet,xgb_drafting_specialist,0.23801375925540924,16.306822303446555,drafting_superspeedway,29
2026,21,cup_2026_r21,5618,Window World 450,north_wilkesboro_speedway,North Wilkesboro Speedway,short_track,cluster_6,2026-07-19,denny_hamlin,Denny Hamlin,11,joe_gibbs_racing,Joe Gibbs Racing,toyota,Toyota,xgb_drafting_specialist,0.2881796360015869,13.56913576279589,drafting_superspeedway,16
2026,21,cup_2026_r21,5618,Window World 450,north_wilkesboro_speedway,North Wilkesboro Speedway,short_track,cluster_6,2026-07-19,ryan_blaney,Ryan Blaney,12,team_penske,Team Penske,ford,Ford,xgb_drafting_specialist,0.37937256693840027,9.71534758434826,drafting_superspeedway,1
2026,21,cup_2026_r21,5618,Window World 450,north_wilkesboro_speedway,North Wilkesboro Speedway,short_track,cluster_6,2026-07-19,aj_allmendinger,A.J. Allmendinger,16,kaulig_racing,Kaulig Racing,chevrolet,Chevrolet,xgb_drafting_specialist,0.2708638608455658,14.457816379290714,drafting_superspeedway,22
2026,21,cup_2026_r21,5618,Window World 450,north_wilkesboro_speedway,North Wilkesboro Speedway,short_track,cluster_6,2026-07-19,chris_buescher,Chris Buescher,17,rfk_racing,RFK Racing,ford,Ford,xgb_drafting_specialist,0.2798779308795929,13.988164692323231,drafting_superspeedway,18
2026,21,cup_2026_r21,5618,Window World 450,north_wilkesboro_speedway,North Wilkesboro Speedway,short_track,cluster_6,2026-07-19,chase_briscoe,Chase Briscoe,19,joe_gibbs_racing,Joe Gibbs Racing,toyota,Toyota,xgb_drafting_specialist,0.3146224617958069,12.316291055414467,drafting_superspeedway,8
2026,21,cup_2026_r21,5618,Window World 450,north_wilkesboro_speedway,North Wilkesboro Speedway,short_track,cluster_6,2026-07-19,christopher_bell,Christopher Bell,20,joe_gibbs_racing,Joe Gibbs Racing,toyota,Toyota,xgb_drafting_specialist,0.3357919752597809,11.39719240140385,drafting_superspeedway,4
2026,21,cup_2026_r21,5618,Window World 450,north_wilkesboro_speedway,North Wilkesboro Speedway,short_track,cluster_6,2026-07-19,josh_berry,Josh Berry,21,wood_brothers_racing,Wood Brothers Racing,ford,Ford,xgb_drafting_specialist,0.23463396728038788,16.509989842885073,drafting_superspeedway,30
2026,21,cup_2026_r21,5618,Window World 450,north_wilkesboro_speedway,North Wilkesboro Speedway,short_track,cluster_6,2026-07-19,joey_logano,Joey Logano,22,team_penske,Team Penske,ford,Ford,xgb_drafting_specialist,0.3225783109664917,11.962492360994599,drafting_superspeedway,6
2026,21,cup_2026_r21,5618,Window World 450,north_wilkesboro_speedway,North Wilkesboro Speedway,short_track,cluster_6,2026-07-19,bubba_wallace,Bubba Wallace,23,23xi_racing,23XI Racing,toyota,Toyota,xgb_drafting_specialist,0.30513572692871094,12.751872200630359,drafting_superspeedway,10
2026,21,cup_2026_r21,5618,Window World 450,north_wilkesboro_speedway,North Wilkesboro Speedway,short_track,cluster_6,2026-07-19,william_byron,William Byron,24,hendrick_motorsports,Hendrick Motorsports,chevrolet,Chevrolet,xgb_drafting_specialist,0.35545024275779724,10.605235238880635,drafting_superspeedway,2
2026,21,cup_2026_r21,5618,Window World 450,north_wilkesboro_speedway,North Wilkesboro Speedway,short_track,cluster_6,2026-07-19,austin_hill,Austin Hill,33,richard_childress_racing,Richard Childress Racing,chevrolet,Chevrolet,xgb_drafting_specialist,0.2007884532213211,18.689479461870004,drafting_superspeedway,34
2026,21,cup_2026_r21,5618,Window World 450,north_wilkesboro_speedway,North Wilkesboro Speedway,short_track,cluster_6,2026-07-19,todd_gilliland,Todd Gilliland,34,front_row_motorsports,Front Row Motorsports,ford,Ford,xgb_drafting_specialist,0.2597762942314148,15.057183375333336,drafting_superspeedway,25
2026,21,cup_2026_r21,5618,Window World 450,north_wilkesboro_speedway,North Wilkesboro Speedway,short_track,cluster_6,2026-07-19,riley_herbst,Riley Herbst,35,23xi_racing,23XI Racing,toyota,Toyota,xgb_drafting_specialist,0.22804506123065948,16.91337123129641,drafting_superspeedway,32
2026,21,cup_2026_r21,5618,Window World 450,north_wilkesboro_speedway,North Wilkesboro Speedway,short_track,cluster_6,2026-07-19,zane_smith,Zane Smith,38,front_row_motorsports,Front Row Motorsports,ford,Ford,xgb_drafting_specialist,0.26693037152290344,14.667670334861953,drafting_superspeedway,23
2026,21,cup_2026_r21,5618,Window World 450,north_wilkesboro_speedway,North Wilkesboro Speedway,short_track,cluster_6,2026-07-19,cole_custer,Cole Custer,41,haas_factory_team,Haas Factory Team,chevrolet,Chevrolet,xgb_drafting_specialist,0.23245969414710999,16.64202672545965,drafting_superspeedway,31
2026,21,cup_2026_r21,5618,Window World 450,north_wilkesboro_speedway,North Wilkesboro Speedway,short_track,cluster_6,2026-07-19,john_hunter_nemechek,John Hunter Nemechek,42,legacy_motor_club,Legacy Motor Club,toyota,Toyota,xgb_drafting_specialist,0.2449290007352829,15.898887735083985,drafting_superspeedway,28
2026,21,cup_2026_r21,5618,Window World 450,north_wilkesboro_speedway,North Wilkesboro Speedway,short_track,cluster_6,2026-07-19,erik_jones,Erik Jones,43,legacy_motor_club,Legacy Motor Club,toyota,Toyota,xgb_drafting_specialist,0.27191635966300964,14.402175908346248,drafting_superspeedway,21
2026,21,cup_2026_r21,5618,Window World 450,north_wilkesboro_speedway,North Wilkesboro Speedway,short_track,cluster_6,2026-07-19,tyler_reddick,Tyler Reddick,45,23xi_racing,23XI Racing,toyota,Toyota,xgb_drafting_specialist,0.31611910462379456,12.248945097845338,drafting_superspeedway,7
2026,21,cup_2026_r21,5618,Window World 450,north_wilkesboro_speedway,North Wilkesboro Speedway,short_track,cluster_6,2026-07-19,ricky_stenhouse_jr,Ricky Stenhouse Jr.,47,hyak_motorsports,Hyak Motorsports,chevrolet,Chevrolet,xgb_drafting_specialist,0.25972288846969604,15.060129681289325,drafting_superspeedway,26
2026,21,cup_2026_r21,5618,Window World 450,north_wilkesboro_speedway,North Wilkesboro Speedway,short_track,cluster_6,2026-07-19,alex_bowman,Alex Bowman,48,hendrick_motorsports,Hendrick Motorsports,chevrolet,Chevrolet,xgb_drafting_specialist,0.272081583738327,14.393460785556623,drafting_superspeedway,20
2026,21,cup_2026_r21,5618,Window World 450,north_wilkesboro_speedway,North Wilkesboro Speedway,short_track,cluster_6,2026-07-19,cody_ware,Cody Ware,51,rick_ware_racing,Rick Ware Racing,chevrolet,Chevrolet,xgb_drafting_specialist,0.1948692500591278,19.099194007518864,drafting_superspeedway,36
2026,21,cup_2026_r21,5618,Window World 450,north_wilkesboro_speedway,North Wilkesboro Speedway,short_track,cluster_6,2026-07-19,ty_gibbs,Ty Gibbs,54,joe_gibbs_racing,Joe Gibbs Racing,toyota,Toyota,xgb_drafting_specialist,0.3251575231552124,11.84998990103801,drafting_superspeedway,5
2026,21,cup_2026_r21,5618,Window World 450,north_wilkesboro_speedway,North Wilkesboro Speedway,short_track,cluster_6,2026-07-19,ryan_preece,Ryan Preece,60,rfk_racing,RFK Racing,ford,Ford,xgb_drafting_specialist,0.31307482719421387,12.38632097912947,drafting_superspeedway,9
2026,21,cup_2026_r21,5618,Window World 450,north_wilkesboro_speedway,North Wilkesboro Speedway,short_track,cluster_6,2026-07-19,chad_finchum,Chad Finchum,66,garage_66,Garage 66,ford,Ford,xgb_drafting_specialist,0.1611279398202896,21.61223318830473,drafting_superspeedway,37
2026,21,cup_2026_r21,5618,Window World 450,north_wilkesboro_speedway,North Wilkesboro Speedway,short_track,cluster_6,2026-07-19,michael_mcdowell,Michael McDowell,71,spire_motorsports,Spire Motorsports,chevrolet,Chevrolet,xgb_drafting_specialist,0.2631514072418213,14.872148616851588,drafting_superspeedway,24
2026,21,cup_2026_r21,5618,Window World 450,north_wilkesboro_speedway,North Wilkesboro Speedway,short_track,cluster_6,2026-07-19,carson_hocevar,Carson Hocevar,77,spire_motorsports,Spire Motorsports,chevrolet,Chevrolet,xgb_drafting_specialist,0.30506402254104614,12.755222473890816,drafting_superspeedway,11
2026,21,cup_2026_r21,5618,Window World 450,north_wilkesboro_speedway,North Wilkesboro Speedway,short_track,cluster_6,2026-07-19,bj_mcleod,B.J. McLeod,78,live_fast_motorsports,Live Fast Motorsports,chevrolet,Chevrolet,xgb_drafting_specialist,0.15986619889736176,21.71236624640757,drafting_superspeedway,38
2026,21,cup_2026_r21,5618,Window World 450,north_wilkesboro_speedway,North Wilkesboro Speedway,short_track,cluster_6,2026-07-19,connor_zilisch,Connor Zilisch,88,trackhouse_racing,Trackhouse Racing,chevrolet,Chevrolet,xgb_drafting_specialist,0.19771698117256165,18.90097101342014,drafting_superspeedway,35
2026,21,cup_2026_r21,5618,Window World 450,north_wilkesboro_speedway,North Wilkesboro Speedway,short_track,cluster_6,2026-07-19,shane_van_gisbergen,Shane van Gisbergen,97,trackhouse_racing,Trackhouse Racing,chevrolet,Chevrolet,xgb_drafting_specialist,0.25520867109298706,15.311266760222553,drafting_superspeedway,27
2026,21,cup_2026_r21,5618,Window World 450,north_wilkesboro_speedway,North Wilkesboro Speedway,short_track,cluster_6,2026-07-19,ross_chastain,Ross Chastain,1,trackhouse_racing,Trackhouse Racing,chevrolet,Chevrolet,xgb_road_specialist,0.28973495960235596,13.492038363047172,road_course,21
2026,21,cup_2026_r21,5618,Window World 450,north_wilkesboro_speedway,North Wilkesboro Speedway,short_track,cluster_6,2026-07-19,austin_cindric,Austin Cindric,2,team_penske,Team Penske,ford,Ford,xgb_road_specialist,0.38573595881462097,9.491476467135293,road_course,12
2026,21,cup_2026_r21,5618,Window World 450,north_wilkesboro_speedway,North Wilkesboro Speedway,short_track,cluster_6,2026-07-19,austin_dillon,Austin Dillon,3,richard_childress_racing,Richard Childress Racing,chevrolet,Chevrolet,xgb_road_specialist,0.2878871262073517,13.583684618131684,road_course,22
2026,21,cup_2026_r21,5618,Window World 450,north_wilkesboro_speedway,North Wilkesboro Speedway,short_track,cluster_6,2026-07-19,noah_gragson,Noah Gragson,4,front_row_motorsports,Front Row Motorsports,ford,Ford,xgb_road_specialist,0.22789151966571808,16.922887830973757,road_course,34
2026,21,cup_2026_r21,5618,Window World 450,north_wilkesboro_speedway,North Wilkesboro Speedway,short_track,cluster_6,2026-07-19,kyle_larson,Kyle Larson,5,hendrick_motorsports,Hendrick Motorsports,chevrolet,Chevrolet,xgb_road_specialist,0.6012048125267029,4.310313992232822,road_course,2
2026,21,cup_2026_r21,5618,Window World 450,north_wilkesboro_speedway,North Wilkesboro Speedway,short_track,cluster_6,2026-07-19,brad_keselowski,Brad Keselowski,6,rfk_racing,RFK Racing,ford,Ford,xgb_road_specialist,0.3180425763130188,12.162933165431651,road_course,16
2026,21,cup_2026_r21,5618,Window World 450,north_wilkesboro_speedway,North Wilkesboro Speedway,short_track,cluster_6,2026-07-19,daniel_suarez,Daniel Suarez,7,spire_motorsports,Spire Motorsports,chevrolet,Chevrolet,xgb_road_specialist,0.313389390707016,12.372054922011456,road_course,18
2026,21,cup_2026_r21,5618,Window World 450,north_wilkesboro_speedway,North Wilkesboro Speedway,short_track,cluster_6,2026-07-19,chase_elliott,Chase Elliott,9,hendrick_motorsports,Hendrick Motorsports,chevrolet,Chevrolet,xgb_road_specialist,0.5432576537132263,5.329746851488293,road_course,7
2026,21,cup_2026_r21,5618,Window World 450,north_wilkesboro_speedway,North Wilkesboro Speedway,short_track,cluster_6,2026-07-19,ty_dillon,Ty Dillon,10,kaulig_racing,Kaulig Racing,chevrolet,Chevrolet,xgb_road_specialist,0.22535696625709534,17.080756993861918,road_course,35
2026,21,cup_2026_r21,5618,Window World 450,north_wilkesboro_speedway,North Wilkesboro Speedway,short_track,cluster_6,2026-07-19,denny_hamlin,Denny Hamlin,11,joe_gibbs_racing,Joe Gibbs Racing,toyota,Toyota,xgb_road_specialist,0.6304774880409241,3.8719896725395726,road_course,1
2026,21,cup_2026_r21,5618,Window World 450,north_wilkesboro_speedway,North Wilkesboro Speedway,short_track,cluster_6,2026-07-19,ryan_blaney,Ryan Blaney,12,team_penske,Team Penske,ford,Ford,xgb_road_specialist,0.5492345094680786,5.214312051596904,road_course,6
2026,21,cup_2026_r21,5618,Window World 450,north_wilkesboro_speedway,North Wilkesboro Speedway,short_track,cluster_6,2026-07-19,aj_allmendinger,A.J. Allmendinger,16,kaulig_racing,Kaulig Racing,chevrolet,Chevrolet,xgb_road_specialist,0.25854116678237915,15.125470994436796,road_course,27
2026,21,cup_2026_r21,5618,Window World 450,north_wilkesboro_speedway,North Wilkesboro Speedway,short_track,cluster_6,2026-07-19,chris_buescher,Chris Buescher,17,rfk_racing,RFK Racing,ford,Ford,xgb_road_specialist,0.4016253650188446,8.954734284207346,road_course,11
2026,21,cup_2026_r21,5618,Window World 450,north_wilkesboro_speedway,North Wilkesboro Speedway,short_track,cluster_6,2026-07-19,chase_briscoe,Chase Briscoe,19,joe_gibbs_racing,Joe Gibbs Racing,toyota,Toyota,xgb_road_specialist,0.5910458564758301,4.473757749180783,road_course,4
2026,21,cup_2026_r21,5618,Window World 450,north_wilkesboro_speedway,North Wilkesboro Speedway,short_track,cluster_6,2026-07-19,christopher_bell,Christopher Bell,20,joe_gibbs_racing,Joe Gibbs Racing,toyota,Toyota,xgb_road_specialist,0.5976771116256714,4.366381801914732,road_course,3
2026,21,cup_2026_r21,5618,Window World 450,north_wilkesboro_speedway,North Wilkesboro Speedway,short_track,cluster_6,2026-07-19,josh_berry,Josh Berry,21,wood_brothers_racing,Wood Brothers Racing,ford,Ford,xgb_road_specialist,0.2925575077533722,13.353241728012268,road_course,20
2026,21,cup_2026_r21,5618,Window World 450,north_wilkesboro_speedway,North Wilkesboro Speedway,short_track,cluster_6,2026-07-19,joey_logano,Joey Logano,22,team_penske,Team Penske,ford,Ford,xgb_road_specialist,0.45957082509994507,7.241986864978399,road_course,9
2026,21,cup_2026_r21,5618,Window World 450,north_wilkesboro_speedway,North Wilkesboro Speedway,short_track,cluster_6,2026-07-19,bubba_wallace,Bubba Wallace,23,23xi_racing,23XI Racing,toyota,Toyota,xgb_road_specialist,0.41037556529045105,8.67222564772948,road_course,10
2026,21,cup_2026_r21,5618,Window World 450,north_wilkesboro_speedway,North Wilkesboro Speedway,short_track,cluster_6,2026-07-19,william_byron,William Byron,24,hendrick_motorsports,Hendrick Motorsports,chevrolet,Chevrolet,xgb_road_specialist,0.5411741733551025,5.370584246050958,road_course,8
2026,21,cup_2026_r21,5618,Window World 450,north_wilkesboro_speedway,North Wilkesboro Speedway,short_track,cluster_6,2026-07-19,austin_hill,Austin Hill,33,richard_childress_racing,Richard Childress Racing,chevrolet,Chevrolet,xgb_road_specialist,0.2490716278553009,15.659415777283836,road_course,31
2026,21,cup_2026_r21,5618,Window World 450,north_wilkesboro_speedway,North Wilkesboro Speedway,short_track,cluster_6,2026-07-19,todd_gilliland,Todd Gilliland,34,front_row_motorsports,Front Row Motorsports,ford,Ford,xgb_road_specialist,0.24317170679569244,16.00157424462863,road_course,32
2026,21,cup_2026_r21,5618,Window World 450,north_wilkesboro_speedway,North Wilkesboro Speedway,short_track,cluster_6,2026-07-19,riley_herbst,Riley Herbst,35,23xi_racing,23XI Racing,toyota,Toyota,xgb_road_specialist,0.26710066199302673,14.658522474556024,road_course,24
2026,21,cup_2026_r21,5618,Window World 450,north_wilkesboro_speedway,North Wilkesboro Speedway,short_track,cluster_6,2026-07-19,zane_smith,Zane Smith,38,front_row_motorsports,Front Row Motorsports,ford,Ford,xgb_road_specialist,0.2607628405094147,15.002860829796726,road_course,25
2026,21,cup_2026_r21,5618,Window World 450,north_wilkesboro_speedway,North Wilkesboro Speedway,short_track,cluster_6,2026-07-19,cole_custer,Cole Custer,41,haas_factory_team,Haas Factory Team,chevrolet,Chevrolet,xgb_road_specialist,0.24283276498317719,16.0214562885682,road_course,33
2026,21,cup_2026_r21,5618,Window World 450,north_wilkesboro_speedway,North Wilkesboro Speedway,short_track,cluster_6,2026-07-19,john_hunter_nemechek,John Hunter Nemechek,42,legacy_motor_club,Legacy Motor Club,toyota,Toyota,xgb_road_specialist,0.25716277956962585,15.20204487549496,road_course,28
2026,21,cup_2026_r21,5618,Window World 450,north_wilkesboro_speedway,North Wilkesboro Speedway,short_track,cluster_6,2026-07-19,erik_jones,Erik Jones,43,legacy_motor_club,Legacy Motor Club,toyota,Toyota,xgb_road_specialist,0.2599371671676636,15.048311769076143,road_course,26
2026,21,cup_2026_r21,5618,Window World 450,north_wilkesboro_speedway,North Wilkesboro Speedway,short_track,cluster_6,2026-07-19,tyler_reddick,Tyler Reddick,45,23xi_racing,23XI Racing,toyota,Toyota,xgb_road_specialist,0.3824671506881714,9.60582477587536,road_course,13
2026,21,cup_2026_r21,5618,Window World 450,north_wilkesboro_speedway,North Wilkesboro Speedway,short_track,cluster_6,2026-07-19,ricky_stenhouse_jr,Ricky Stenhouse Jr.,47,hyak_motorsports,Hyak Motorsports,chevrolet,Chevrolet,xgb_road_specialist,0.25048381090164185,15.57860912785129,road_course,30
2026,21,cup_2026_r21,5618,Window World 450,north_wilkesboro_speedway,North Wilkesboro Speedway,short_track,cluster_6,2026-07-19,alex_bowman,Alex Bowman,48,hendrick_motorsports,Hendrick Motorsports,chevrolet,Chevrolet,xgb_road_specialist,0.36454829573631287,10.257575355707678,road_course,15
2026,21,cup_2026_r21,5618,Window World 450,north_wilkesboro_speedway,North Wilkesboro Speedway,short_track,cluster_6,2026-07-19,cody_ware,Cody Ware,51,rick_ware_racing,Rick Ware Racing,chevrolet,Chevrolet,xgb_road_specialist,0.2140493243932724,17.80320951547809,road_course,38
2026,21,cup_2026_r21,5618,Window World 450,north_wilkesboro_speedway,North Wilkesboro Speedway,short_track,cluster_6,2026-07-19,ty_gibbs,Ty Gibbs,54,joe_gibbs_racing,Joe Gibbs Racing,toyota,Toyota,xgb_road_specialist,0.5769087672233582,4.711568244449408,road_course,5
2026,21,cup_2026_r21,5618,Window World 450,north_wilkesboro_speedway,North Wilkesboro Speedway,short_track,cluster_6,2026-07-19,ryan_preece,Ryan Preece,60,rfk_racing,RFK Racing,ford,Ford,xgb_road_specialist,0.3169846534729004,12.210165313921047,road_course,17
2026,21,cup_2026_r21,5618,Window World 450,north_wilkesboro_speedway,North Wilkesboro Speedway,short_track,cluster_6,2026-07-19,chad_finchum,Chad Finchum,66,garage_66,Garage 66,ford,Ford,xgb_road_specialist,0.21937602758407593,17.459153122905402,road_course,36
2026,21,cup_2026_r21,5618,Window World 450,north_wilkesboro_speedway,North Wilkesboro Speedway,short_track,cluster_6,2026-07-19,michael_mcdowell,Michael McDowell,71,spire_motorsports,Spire Motorsports,chevrolet,Chevrolet,xgb_road_specialist,0.28611353039741516,13.672234393596458,road_course,23
2026,21,cup_2026_r21,5618,Window World 450,north_wilkesboro_speedway,North Wilkesboro Speedway,short_track,cluster_6,2026-07-19,carson_hocevar,Carson Hocevar,77,spire_motorsports,Spire Motorsports,chevrolet,Chevrolet,xgb_road_specialist,0.37031054496765137,10.043303926041332,road_course,14
2026,21,cup_2026_r21,5618,Window World 450,north_wilkesboro_speedway,North Wilkesboro Speedway,short_track,cluster_6,2026-07-19,bj_mcleod,B.J. McLeod,78,live_fast_motorsports,Live Fast Motorsports,chevrolet,Chevrolet,xgb_road_specialist,0.21659544110298157,17.637915865392774,road_course,37
2026,21,cup_2026_r21,5618,Window World 450,north_wilkesboro_speedway,North Wilkesboro Speedway,short_track,cluster_6,2026-07-19,connor_zilisch,Connor Zilisch,88,trackhouse_racing,Trackhouse Racing,chevrolet,Chevrolet,xgb_road_specialist,0.2563798129558563,15.245713728188862,road_course,29
2026,21,cup_2026_r21,5618,Window World 450,north_wilkesboro_speedway,North Wilkesboro Speedway,short_track,cluster_6,2026-07-19,shane_van_gisbergen,Shane van Gisbergen,97,trackhouse_racing,Trackhouse Racing,chevrolet,Chevrolet,xgb_road_specialist,0.30489689111709595,12.76303484059131,road_course,19
2026,21,cup_2026_r21,5618,Window World 450,north_wilkesboro_speedway,North Wilkesboro Speedway,short_track,cluster_6,2026-07-19,ross_chastain,Ross Chastain,1,trackhouse_racing,Trackhouse Racing,chevrolet,Chevrolet,xgb_short_steep_specialist,0.2973939776420593,13.118723385539436,short_steep_oval,17
2026,21,cup_2026_r21,5618,Window World 450,north_wilkesboro_speedway,North Wilkesboro Speedway,short_track,cluster_6,2026-07-19,austin_cindric,Austin Cindric,2,team_penske,Team Penske,ford,Ford,xgb_short_steep_specialist,0.35944223403930664,10.451263325581714,short_steep_oval,11
2026,21,cup_2026_r21,5618,Window World 450,north_wilkesboro_speedway,North Wilkesboro Speedway,short_track,cluster_6,2026-07-19,austin_dillon,Austin Dillon,3,richard_childress_racing,Richard Childress Racing,chevrolet,Chevrolet,xgb_short_steep_specialist,0.2512608468532562,15.534324266726399,short_steep_oval,22
2026,21,cup_2026_r21,5618,Window World 450,north_wilkesboro_speedway,North Wilkesboro Speedway,short_track,cluster_6,2026-07-19,noah_gragson,Noah Gragson,4,front_row_motorsports,Front Row Motorsports,ford,Ford,xgb_short_steep_specialist,0.18084917962551117,20.105824071990636,short_steep_oval,32
2026,21,cup_2026_r21,5618,Window World 450,north_wilkesboro_speedway,North Wilkesboro Speedway,short_track,cluster_6,2026-07-19,kyle_larson,Kyle Larson,5,hendrick_motorsports,Hendrick Motorsports,chevrolet,Chevrolet,xgb_short_steep_specialist,0.520797848701477,5.786841436337552,short_steep_oval,2
2026,21,cup_2026_r21,5618,Window World 450,north_wilkesboro_speedway,North Wilkesboro Speedway,short_track,cluster_6,2026-07-19,brad_keselowski,Brad Keselowski,6,rfk_racing,RFK Racing,ford,Ford,xgb_short_steep_specialist,0.3299664556980133,11.64304719464906,short_steep_oval,14
2026,21,cup_2026_r21,5618,Window World 450,north_wilkesboro_speedway,North Wilkesboro Speedway,short_track,cluster_6,2026-07-19,daniel_suarez,Daniel Suarez,7,spire_motorsports,Spire Motorsports,chevrolet,Chevrolet,xgb_short_steep_specialist,0.27972501516342163,13.996003283580382,short_steep_oval,19
2026,21,cup_2026_r21,5618,Window World 450,north_wilkesboro_speedway,North Wilkesboro Speedway,short_track,cluster_6,2026-07-19,chase_elliott,Chase Elliott,9,hendrick_motorsports,Hendrick Motorsports,chevrolet,Chevrolet,xgb_short_steep_specialist,0.43247190117836,7.997861360024267,short_steep_oval,8
2026,21,cup_2026_r21,5618,Window World 450,north_wilkesboro_speedway,North Wilkesboro Speedway,short_track,cluster_6,2026-07-19,ty_dillon,Ty Dillon,10,kaulig_racing,Kaulig Racing,chevrolet,Chevrolet,xgb_short_steep_specialist,0.17165642976760864,20.794483469566114,short_steep_oval,34
2026,21,cup_2026_r21,5618,Window World 450,north_wilkesboro_speedway,North Wilkesboro Speedway,short_track,cluster_6,2026-07-19,denny_hamlin,Denny Hamlin,11,joe_gibbs_racing,Joe Gibbs Racing,toyota,Toyota,xgb_short_steep_specialist,0.5059001445770264,6.111457448527653,short_steep_oval,3
2026,21,cup_2026_r21,5618,Window World 450,north_wilkesboro_speedway,North Wilkesboro Speedway,short_track,cluster_6,2026-07-19,ryan_blaney,Ryan Blaney,12,team_penske,Team Penske,ford,Ford,xgb_short_steep_specialist,0.5897297263145447,4.495381063133928,short_steep_oval,1
2026,21,cup_2026_r21,5618,Window World 450,north_wilkesboro_speedway,North Wilkesboro Speedway,short_track,cluster_6,2026-07-19,aj_allmendinger,A.J. Allmendinger,16,kaulig_racing,Kaulig Racing,chevrolet,Chevrolet,xgb_short_steep_specialist,0.23001964390277863,16.791461293619808,short_steep_oval,24
2026,21,cup_2026_r21,5618,Window World 450,north_wilkesboro_speedway,North Wilkesboro Speedway,short_track,cluster_6,2026-07-19,chris_buescher,Chris Buescher,17,rfk_racing,RFK Racing,ford,Ford,xgb_short_steep_specialist,0.29348915815353394,13.307742687080928,short_steep_oval,18
2026,21,cup_2026_r21,5618,Window World 450,north_wilkesboro_speedway,North Wilkesboro Speedway,short_track,cluster_6,2026-07-19,chase_briscoe,Chase Briscoe,19,joe_gibbs_racing,Joe Gibbs Racing,toyota,Toyota,xgb_short_steep_specialist,0.45890697836875916,7.259621126457709,short_steep_oval,6
2026,21,cup_2026_r21,5618,Window World 450,north_wilkesboro_speedway,North Wilkesboro Speedway,short_track,cluster_6,2026-07-19,christopher_bell,Christopher Bell,20,joe_gibbs_racing,Joe Gibbs Racing,toyota,Toyota,xgb_short_steep_specialist,0.5019131302833557,6.201380647460455,short_steep_oval,4
2026,21,cup_2026_r21,5618,Window World 450,north_wilkesboro_speedway,North Wilkesboro Speedway,short_track,cluster_6,2026-07-19,josh_berry,Josh Berry,21,wood_brothers_racing,Wood Brothers Racing,ford,Ford,xgb_short_steep_specialist,0.2127813845872879,17.886100924209437,short_steep_oval,28
2026,21,cup_2026_r21,5618,Window World 450,north_wilkesboro_speedway,North Wilkesboro Speedway,short_track,cluster_6,2026-07-19,joey_logano,Joey Logano,22,team_penske,Team Penske,ford,Ford,xgb_short_steep_specialist,0.3872489631175995,9.439010902105359,short_steep_oval,10
2026,21,cup_2026_r21,5618,Window World 450,north_wilkesboro_speedway,North Wilkesboro Speedway,short_track,cluster_6,2026-07-19,bubba_wallace,Bubba Wallace,23,23xi_racing,23XI Racing,toyota,Toyota,xgb_short_steep_specialist,0.35651612281799316,10.56390342342292,short_steep_oval,12
2026,21,cup_2026_r21,5618,Window World 450,north_wilkesboro_speedway,North Wilkesboro Speedway,short_track,cluster_6,2026-07-19,william_byron,William Byron,24,hendrick_motorsports,Hendrick Motorsports,chevrolet,Chevrolet,xgb_short_steep_specialist,0.45727404952049255,7.303180779954651,short_steep_oval,7
2026,21,cup_2026_r21,5618,Window World 450,north_wilkesboro_speedway,North Wilkesboro Speedway,short_track,cluster_6,2026-07-19,austin_hill,Austin Hill,33,richard_childress_racing,Richard Childress Racing,chevrolet,Chevrolet,xgb_short_steep_specialist,0.1801636815071106,20.156380583467318,short_steep_oval,33
2026,21,cup_2026_r21,5618,Window World 450,north_wilkesboro_speedway,North Wilkesboro Speedway,short_track,cluster_6,2026-07-19,todd_gilliland,Todd Gilliland,34,front_row_motorsports,Front Row Motorsports,ford,Ford,xgb_short_steep_specialist,0.19774991273880005,18.898690808867897,short_steep_oval,31
2026,21,cup_2026_r21,5618,Window World 450,north_wilkesboro_speedway,North Wilkesboro Speedway,short_track,cluster_6,2026-07-19,riley_herbst,Riley Herbst,35,23xi_racing,23XI Racing,toyota,Toyota,xgb_short_steep_specialist,0.24070143699645996,16.147045526234226,short_steep_oval,23
2026,21,cup_2026_r21,5618,Window World 450,north_wilkesboro_speedway,North Wilkesboro Speedway,short_track,cluster_6,2026-07-19,zane_smith,Zane Smith,38,front_row_motorsports,Front Row Motorsports,ford,Ford,xgb_short_steep_specialist,0.21532335877418518,17.720306598199787,short_steep_oval,27
2026,21,cup_2026_r21,5618,Window World 450,north_wilkesboro_speedway,North Wilkesboro Speedway,short_track,cluster_6,2026-07-19,cole_custer,Cole Custer,41,haas_factory_team,Haas Factory Team,chevrolet,Chevrolet,xgb_short_steep_specialist,0.15629038214683533,21.99867438768231,short_steep_oval,35
2026,21,cup_2026_r21,5618,Window World 450,north_wilkesboro_speedway,North Wilkesboro Speedway,short_track,cluster_6,2026-07-19,john_hunter_nemechek,John Hunter Nemechek,42,legacy_motor_club,Legacy Motor Club,toyota,Toyota,xgb_short_steep_specialist,0.20143231749534607,18.64544599059981,short_steep_oval,30
2026,21,cup_2026_r21,5618,Window World 450,north_wilkesboro_speedway,North Wilkesboro Speedway,short_track,cluster_6,2026-07-19,erik_jones,Erik Jones,43,legacy_motor_club,Legacy Motor Club,toyota,Toyota,xgb_short_steep_specialist,0.22133976221084595,17.333998124779935,short_steep_oval,25
2026,21,cup_2026_r21,5618,Window World 450,north_wilkesboro_speedway,North Wilkesboro Speedway,short_track,cluster_6,2026-07-19,tyler_reddick,Tyler Reddick,45,23xi_racing,23XI Racing,toyota,Toyota,xgb_short_steep_specialist,0.42359399795532227,8.262266310985211,short_steep_oval,9
2026,21,cup_2026_r21,5618,Window World 450,north_wilkesboro_speedway,North Wilkesboro Speedway,short_track,cluster_6,2026-07-19,ricky_stenhouse_jr,Ricky Stenhouse Jr.,47,hyak_motorsports,Hyak Motorsports,chevrolet,Chevrolet,xgb_short_steep_specialist,0.2181735634803772,17.536235615242028,short_steep_oval,26
2026,21,cup_2026_r21,5618,Window World 450,north_wilkesboro_speedway,North Wilkesboro Speedway,short_track,cluster_6,2026-07-19,alex_bowman,Alex Bowman,48,hendrick_motorsports,Hendrick Motorsports,chevrolet,Chevrolet,xgb_short_steep_specialist,0.34971562027931213,10.830399110279567,short_steep_oval,13
2026,21,cup_2026_r21,5618,Window World 450,north_wilkesboro_speedway,North Wilkesboro Speedway,short_track,cluster_6,2026-07-19,cody_ware,Cody Ware,51,rick_ware_racing,Rick Ware Racing,chevrolet,Chevrolet,xgb_short_steep_specialist,0.11380588263273239,25.703489975981643,short_steep_oval,36
2026,21,cup_2026_r21,5618,Window World 450,north_wilkesboro_speedway,North Wilkesboro Speedway,short_track,cluster_6,2026-07-19,ty_gibbs,Ty Gibbs,54,joe_gibbs_racing,Joe Gibbs Racing,toyota,Toyota,xgb_short_steep_specialist,0.4886426031589508,6.510324794027147,short_steep_oval,5
2026,21,cup_2026_r21,5618,Window World 450,north_wilkesboro_speedway,North Wilkesboro Speedway,short_track,cluster_6,2026-07-19,ryan_preece,Ryan Preece,60,rfk_racing,RFK Racing,ford,Ford,xgb_short_steep_specialist,0.3160131573677063,12.253700378921993,short_steep_oval,16
2026,21,cup_2026_r21,5618,Window World 450,north_wilkesboro_speedway,North Wilkesboro Speedway,short_track,cluster_6,2026-07-19,chad_finchum,Chad Finchum,66,garage_66,Garage 66,ford,Ford,xgb_short_steep_specialist,0.10967401415109634,26.0955325838541,short_steep_oval,37
2026,21,cup_2026_r21,5618,Window World 450,north_wilkesboro_speedway,North Wilkesboro Speedway,short_track,cluster_6,2026-07-19,michael_mcdowell,Michael McDowell,71,spire_motorsports,Spire Motorsports,chevrolet,Chevrolet,xgb_short_steep_specialist,0.26283231377601624,14.88954460108495,short_steep_oval,21
2026,21,cup_2026_r21,5618,Window World 450,north_wilkesboro_speedway,North Wilkesboro Speedway,short_track,cluster_6,2026-07-19,carson_hocevar,Carson Hocevar,77,spire_motorsports,Spire Motorsports,chevrolet,Chevrolet,xgb_short_steep_specialist,0.3182416260242462,12.154066812084343,short_steep_oval,15
2026,21,cup_2026_r21,5618,Window World 450,north_wilkesboro_speedway,North Wilkesboro Speedway,short_track,cluster_6,2026-07-19,bj_mcleod,B.J. McLeod,78,live_fast_motorsports,Live Fast Motorsports,chevrolet,Chevrolet,xgb_short_steep_specialist,0.10967401415109634,26.0955325838541,short_steep_oval,38
2026,21,cup_2026_r21,5618,Window World 450,north_wilkesboro_speedway,North Wilkesboro Speedway,short_track,cluster_6,2026-07-19,connor_zilisch,Connor Zilisch,88,trackhouse_racing,Trackhouse Racing,chevrolet,Chevrolet,xgb_short_steep_specialist,0.21143780648708344,17.974358378272473,short_steep_oval,29
2026,21,cup_2026_r21,5618,Window World 450,north_wilkesboro_speedway,North Wilkesboro Speedway,short_track,cluster_6,2026-07-19,shane_van_gisbergen,Shane van Gisbergen,97,trackhouse_racing,Trackhouse Racing,chevrolet,Chevrolet,xgb_short_steep_specialist,0.27680373191833496,14.146597140079173,short_steep_oval,20
2026,21,cup_2026_r21,5618,Window World 450,north_wilkesboro_speedway,North Wilkesboro Speedway,short_track,cluster_6,2026-07-19,ross_chastain,Ross Chastain,1,trackhouse_racing,Trackhouse Racing,chevrolet,Chevrolet,xgb_speedway_specialist,0.2791031002998352,14.027928461273259,conventional_speedway,19
2026,21,cup_2026_r21,5618,Window World 450,north_wilkesboro_speedway,North Wilkesboro Speedway,short_track,cluster_6,2026-07-19,austin_cindric,Austin Cindric,2,team_penske,Team Penske,ford,Ford,xgb_speedway_specialist,0.32131829857826233,12.017840466278573,conventional_speedway,15
2026,21,cup_2026_r21,5618,Window World 450,north_wilkesboro_speedway,North Wilkesboro Speedway,short_track,cluster_6,2026-07-19,austin_dillon,Austin Dillon,3,richard_childress_racing,Richard Childress Racing,chevrolet,Chevrolet,xgb_speedway_specialist,0.2131081074476242,17.864704617706305,conventional_speedway,29
2026,21,cup_2026_r21,5618,Window World 450,north_wilkesboro_speedway,North Wilkesboro Speedway,short_track,cluster_6,2026-07-19,noah_gragson,Noah Gragson,4,front_row_motorsports,Front Row Motorsports,ford,Ford,xgb_speedway_specialist,0.16226445138454437,21.522433839010972,conventional_speedway,37
2026,21,cup_2026_r21,5618,Window World 450,north_wilkesboro_speedway,North Wilkesboro Speedway,short_track,cluster_6,2026-07-19,kyle_larson,Kyle Larson,5,hendrick_motorsports,Hendrick Motorsports,chevrolet,Chevrolet,xgb_speedway_specialist,0.5449959635734558,5.295912712321441,conventional_speedway,2
2026,21,cup_2026_r21,5618,Window World 450,north_wilkesboro_speedway,North Wilkesboro Speedway,short_track,cluster_6,2026-07-19,brad_keselowski,Brad Keselowski,6,rfk_racing,RFK Racing,ford,Ford,xgb_speedway_specialist,0.3339715003967285,11.473459130638854,conventional_speedway,14
2026,21,cup_2026_r21,5618,Window World 450,north_wilkesboro_speedway,North Wilkesboro Speedway,short_track,cluster_6,2026-07-19,daniel_suarez,Daniel Suarez,7,spire_motorsports,Spire Motorsports,chevrolet,Chevrolet,xgb_speedway_specialist,0.2784423232078552,14.061928373826554,conventional_speedway,20
2026,21,cup_2026_r21,5618,Window World 450,north_wilkesboro_speedway,North Wilkesboro Speedway,short_track,cluster_6,2026-07-19,chase_elliott,Chase Elliott,9,hendrick_motorsports,Hendrick Motorsports,chevrolet,Chevrolet,xgb_speedway_specialist,0.4019555151462555,8.94390985367077,conventional_speedway,8
2026,21,cup_2026_r21,5618,Window World 450,north_wilkesboro_speedway,North Wilkesboro Speedway,short_track,cluster_6,2026-07-19,ty_dillon,Ty Dillon,10,kaulig_racing,Kaulig Racing,chevrolet,Chevrolet,xgb_speedway_specialist,0.16713689267635345,21.14165651127026,conventional_speedway,35
2026,21,cup_2026_r21,5618,Window World 450,north_wilkesboro_speedway,North Wilkesboro Speedway,short_track,cluster_6,2026-07-19,denny_hamlin,Denny Hamlin,11,joe_gibbs_racing,Joe Gibbs Racing,toyota,Toyota,xgb_speedway_specialist,0.5920192003250122,4.457833162841569,conventional_speedway,1
2026,21,cup_2026_r21,5618,Window World 450,north_wilkesboro_speedway,North Wilkesboro Speedway,short_track,cluster_6,2026-07-19,ryan_blaney,Ryan Blaney,12,team_penske,Team Penske,ford,Ford,xgb_speedway_specialist,0.5025472044944763,6.186991745465765,conventional_speedway,3
2026,21,cup_2026_r21,5618,Window World 450,north_wilkesboro_speedway,North Wilkesboro Speedway,short_track,cluster_6,2026-07-19,aj_allmendinger,A.J. Allmendinger,16,kaulig_racing,Kaulig Racing,chevrolet,Chevrolet,xgb_speedway_specialist,0.213023841381073,17.87022055224707,conventional_speedway,30
2026,21,cup_2026_r21,5618,Window World 450,north_wilkesboro_speedway,North Wilkesboro Speedway,short_track,cluster_6,2026-07-19,chris_buescher,Chris Buescher,17,rfk_racing,RFK Racing,ford,Ford,xgb_speedway_specialist,0.3470773994922638,10.935585508189961,conventional_speedway,12
2026,21,cup_2026_r21,5618,Window World 450,north_wilkesboro_speedway,North Wilkesboro Speedway,short_track,cluster_6,2026-07-19,chase_briscoe,Chase Briscoe,19,joe_gibbs_racing,Joe Gibbs Racing,toyota,Toyota,xgb_speedway_specialist,0.418312132358551,8.423701686831187,conventional_speedway,7
2026,21,cup_2026_r21,5618,Window World 450,north_wilkesboro_speedway,North Wilkesboro Speedway,short_track,cluster_6,2026-07-19,christopher_bell,Christopher Bell,20,joe_gibbs_racing,Joe Gibbs Racing,toyota,Toyota,xgb_speedway_specialist,0.4583224058151245,7.275185118847377,conventional_speedway,4
2026,21,cup_2026_r21,5618,Window World 450,north_wilkesboro_speedway,North Wilkesboro Speedway,short_track,cluster_6,2026-07-19,josh_berry,Josh Berry,21,wood_brothers_racing,Wood Brothers Racing,ford,Ford,xgb_speedway_specialist,0.21618029475212097,17.66476203313158,conventional_speedway,27
2026,21,cup_2026_r21,5618,Window World 450,north_wilkesboro_speedway,North Wilkesboro Speedway,short_track,cluster_6,2026-07-19,joey_logano,Joey Logano,22,team_penske,Team Penske,ford,Ford,xgb_speedway_specialist,0.3637271821498871,10.288478654730046,conventional_speedway,11
2026,21,cup_2026_r21,5618,Window World 450,north_wilkesboro_speedway,North Wilkesboro Speedway,short_track,cluster_6,2026-07-19,bubba_wallace,Bubba Wallace,23,23xi_racing,23XI Racing,toyota,Toyota,xgb_speedway_specialist,0.3723565340042114,9.968304700708968,conventional_speedway,10
2026,21,cup_2026_r21,5618,Window World 450,north_wilkesboro_speedway,North Wilkesboro Speedway,short_track,cluster_6,2026-07-19,william_byron,William Byron,24,hendrick_motorsports,Hendrick Motorsports,chevrolet,Chevrolet,xgb_speedway_specialist,0.4362044930458069,7.889238341529363,conventional_speedway,6
2026,21,cup_2026_r21,5618,Window World 450,north_wilkesboro_speedway,North Wilkesboro Speedway,short_track,cluster_6,2026-07-19,austin_hill,Austin Hill,33,richard_childress_racing,Richard Childress Racing,chevrolet,Chevrolet,xgb_speedway_specialist,0.19839400053024292,18.854148984724404,conventional_speedway,31
2026,21,cup_2026_r21,5618,Window World 450,north_wilkesboro_speedway,North Wilkesboro Speedway,short_track,cluster_6,2026-07-19,todd_gilliland,Todd Gilliland,34,front_row_motorsports,Front Row Motorsports,ford,Ford,xgb_speedway_specialist,0.21740075945854187,17.585954821291043,conventional_speedway,26
2026,21,cup_2026_r21,5618,Window World 450,north_wilkesboro_speedway,North Wilkesboro Speedway,short_track,cluster_6,2026-07-19,riley_herbst,Riley Herbst,35,23xi_racing,23XI Racing,toyota,Toyota,xgb_speedway_specialist,0.23073606193065643,16.74744751109292,conventional_speedway,24
2026,21,cup_2026_r21,5618,Window World 450,north_wilkesboro_speedway,North Wilkesboro Speedway,short_track,cluster_6,2026-07-19,zane_smith,Zane Smith,38,front_row_motorsports,Front Row Motorsports,ford,Ford,xgb_speedway_specialist,0.2555881440639496,15.289995480131887,conventional_speedway,22
2026,21,cup_2026_r21,5618,Window World 450,north_wilkesboro_speedway,North Wilkesboro Speedway,short_track,cluster_6,2026-07-19,cole_custer,Cole Custer,41,haas_factory_team,Haas Factory Team,chevrolet,Chevrolet,xgb_speedway_specialist,0.1774781197309494,20.355672371382497,conventional_speedway,34
2026,21,cup_2026_r21,5618,Window World 450,north_wilkesboro_speedway,North Wilkesboro Speedway,short_track,cluster_6,2026-07-19,john_hunter_nemechek,John Hunter Nemechek,42,legacy_motor_club,Legacy Motor Club,toyota,Toyota,xgb_speedway_specialist,0.21466787159442902,17.762911591677657,conventional_speedway,28
2026,21,cup_2026_r21,5618,Window World 450,north_wilkesboro_speedway,North Wilkesboro Speedway,short_track,cluster_6,2026-07-19,erik_jones,Erik Jones,43,legacy_motor_club,Legacy Motor Club,toyota,Toyota,xgb_speedway_specialist,0.25967279076576233,15.062894011321795,conventional_speedway,21
2026,21,cup_2026_r21,5618,Window World 450,north_wilkesboro_speedway,North Wilkesboro Speedway,short_track,cluster_6,2026-07-19,tyler_reddick,Tyler Reddick,45,23xi_racing,23XI Racing,toyota,Toyota,xgb_speedway_specialist,0.3958114981651306,9.147511017653862,conventional_speedway,9
2026,21,cup_2026_r21,5618,Window World 450,north_wilkesboro_speedway,North Wilkesboro Speedway,short_track,cluster_6,2026-07-19,ricky_stenhouse_jr,Ricky Stenhouse Jr.,47,hyak_motorsports,Hyak Motorsports,chevrolet,Chevrolet,xgb_speedway_specialist,0.1930924355983734,19.22392515110798,conventional_speedway,32
2026,21,cup_2026_r21,5618,Window World 450,north_wilkesboro_speedway,North Wilkesboro Speedway,short_track,cluster_6,2026-07-19,alex_bowman,Alex Bowman,48,hendrick_motorsports,Hendrick Motorsports,chevrolet,Chevrolet,xgb_speedway_specialist,0.2881380021572113,13.57120559589454,conventional_speedway,17
2026,21,cup_2026_r21,5618,Window World 450,north_wilkesboro_speedway,North Wilkesboro Speedway,short_track,cluster_6,2026-07-19,cody_ware,Cody Ware,51,rick_ware_racing,Rick Ware Racing,chevrolet,Chevrolet,xgb_speedway_specialist,0.10444413870573044,26.600342866012163,conventional_speedway,38
2026,21,cup_2026_r21,5618,Window World 450,north_wilkesboro_speedway,North Wilkesboro Speedway,short_track,cluster_6,2026-07-19,ty_gibbs,Ty Gibbs,54,joe_gibbs_racing,Joe Gibbs Racing,toyota,Toyota,xgb_speedway_specialist,0.4467504322528839,7.590245204440815,conventional_speedway,5
2026,21,cup_2026_r21,5618,Window World 450,north_wilkesboro_speedway,North Wilkesboro Speedway,short_track,cluster_6,2026-07-19,ryan_preece,Ryan Preece,60,rfk_racing,RFK Racing,ford,Ford,xgb_speedway_specialist,0.2892071604728699,13.518152139957873,conventional_speedway,16
2026,21,cup_2026_r21,5618,Window World 450,north_wilkesboro_speedway,North Wilkesboro Speedway,short_track,cluster_6,2026-07-19,chad_finchum,Chad Finchum,66,garage_66,Garage 66,ford,Ford,xgb_speedway_specialist,0.1819160431623459,20.02739342348722,conventional_speedway,33
2026,21,cup_2026_r21,5618,Window World 450,north_wilkesboro_speedway,North Wilkesboro Speedway,short_track,cluster_6,2026-07-19,michael_mcdowell,Michael McDowell,71,spire_motorsports,Spire Motorsports,chevrolet,Chevrolet,xgb_speedway_specialist,0.2539284825325012,15.383246023671708,conventional_speedway,23
2026,21,cup_2026_r21,5618,Window World 450,north_wilkesboro_speedway,North Wilkesboro Speedway,short_track,cluster_6,2026-07-19,carson_hocevar,Carson Hocevar,77,spire_motorsports,Spire Motorsports,chevrolet,Chevrolet,xgb_speedway_specialist,0.3454190492630005,11.002226544007005,conventional_speedway,13
2026,21,cup_2026_r21,5618,Window World 450,north_wilkesboro_speedway,North Wilkesboro Speedway,short_track,cluster_6,2026-07-19,bj_mcleod,B.J. McLeod,78,live_fast_motorsports,Live Fast Motorsports,chevrolet,Chevrolet,xgb_speedway_specialist,0.16232410073280334,21.517731075542372,conventional_speedway,36
2026,21,cup_2026_r21,5618,Window World 450,north_wilkesboro_speedway,North Wilkesboro Speedway,short_track,cluster_6,2026-07-19,connor_zilisch,Connor Zilisch,88,trackhouse_racing,Trackhouse Racing,chevrolet,Chevrolet,xgb_speedway_specialist,0.22912444174289703,16.846621448211376,conventional_speedway,25
2026,21,cup_2026_r21,5618,Window World 450,north_wilkesboro_speedway,North Wilkesboro Speedway,short_track,cluster_6,2026-07-19,shane_van_gisbergen,Shane van Gisbergen,97,trackhouse_racing,Trackhouse Racing,chevrolet,Chevrolet,xgb_speedway_specialist,0.2840161919593811,13.777692770785793,conventional_speedway,18
2026,21,cup_2026_r21,5618,Window World 450,north_wilkesboro_speedway,North Wilkesboro Speedway,short_track,cluster_6,2026-07-19,ross_chastain,Ross Chastain,1,trackhouse_racing,Trackhouse Racing,chevrolet,Chevrolet,routed_consensus,0.2868120380010045,13.637291523790413,short_steep_oval,18
2026,21,cup_2026_r21,5618,Window World 450,north_wilkesboro_speedway,North Wilkesboro Speedway,short_track,cluster_6,2026-07-19,austin_cindric,Austin Cindric,2,team_penske,Team Penske,ford,Ford,routed_consensus,0.3051478250882774,12.751307020169628,short_steep_oval,16
2026,21,cup_2026_r21,5618,Window World 450,north_wilkesboro_speedway,North Wilkesboro Speedway,short_track,cluster_6,2026-07-19,austin_dillon,Austin Dillon,3,richard_childress_racing,Richard Childress Racing,chevrolet,Chevrolet,routed_consensus,0.24622958609682663,15.823313308408439,short_steep_oval,21
2026,21,cup_2026_r21,5618,Window World 450,north_wilkesboro_speedway,North Wilkesboro Speedway,short_track,cluster_6,2026-07-19,noah_gragson,Noah Gragson,4,front_row_motorsports,Front Row Motorsports,ford,Ford,routed_consensus,0.15032005308705887,22.485144911189092,short_steep_oval,34
2026,21,cup_2026_r21,5618,Window World 450,north_wilkesboro_speedway,North Wilkesboro Speedway,short_track,cluster_6,2026-07-19,kyle_larson,Kyle Larson,5,hendrick_motorsports,Hendrick Motorsports,chevrolet,Chevrolet,routed_consensus,0.481267614715782,6.688623320884703,short_steep_oval,4
2026,21,cup_2026_r21,5618,Window World 450,north_wilkesboro_speedway,North Wilkesboro Speedway,short_track,cluster_6,2026-07-19,brad_keselowski,Brad Keselowski,6,rfk_racing,RFK Racing,ford,Ford,routed_consensus,0.3088696198837411,12.578622588015115,short_steep_oval,15
2026,21,cup_2026_r21,5618,Window World 450,north_wilkesboro_speedway,North Wilkesboro Speedway,short_track,cluster_6,2026-07-19,daniel_suarez,Daniel Suarez,7,spire_motorsports,Spire Motorsports,chevrolet,Chevrolet,routed_consensus,0.2418816266713461,16.077381295853236,short_steep_oval,22
2026,21,cup_2026_r21,5618,Window World 450,north_wilkesboro_speedway,North Wilkesboro Speedway,short_track,cluster_6,2026-07-19,chase_elliott,Chase Elliott,9,hendrick_motorsports,Hendrick Motorsports,chevrolet,Chevrolet,routed_consensus,0.4150050176766183,8.526382502633133,short_steep_oval,7
2026,21,cup_2026_r21,5618,Window World 450,north_wilkesboro_speedway,North Wilkesboro Speedway,short_track,cluster_6,2026-07-19,ty_dillon,Ty Dillon,10,kaulig_racing,Kaulig Racing,chevrolet,Chevrolet,routed_consensus,0.14938953516009862,22.56192779271881,short_steep_oval,35
2026,21,cup_2026_r21,5618,Window World 450,north_wilkesboro_speedway,North Wilkesboro Speedway,short_track,cluster_6,2026-07-19,denny_hamlin,Denny Hamlin,11,joe_gibbs_racing,Joe Gibbs Racing,toyota,Toyota,routed_consensus,0.5841796443435756,4.587721550781649,short_steep_oval,1
2026,21,cup_2026_r21,5618,Window World 450,north_wilkesboro_speedway,North Wilkesboro Speedway,short_track,cluster_6,2026-07-19,ryan_blaney,Ryan Blaney,12,team_penske,Team Penske,ford,Ford,routed_consensus,0.5306895245189799,5.580887746529241,short_steep_oval,2
2026,21,cup_2026_r21,5618,Window World 450,north_wilkesboro_speedway,North Wilkesboro Speedway,short_track,cluster_6,2026-07-19,aj_allmendinger,A.J. Allmendinger,16,kaulig_racing,Kaulig Racing,chevrolet,Chevrolet,routed_consensus,0.21749265205517188,17.580035432319445,short_steep_oval,26
2026,21,cup_2026_r21,5618,Window World 450,north_wilkesboro_speedway,North Wilkesboro Speedway,short_track,cluster_6,2026-07-19,chris_buescher,Chris Buescher,17,rfk_racing,RFK Racing,ford,Ford,routed_consensus,0.31886335496426127,12.126414484395962,short_steep_oval,13
2026,21,cup_2026_r21,5618,Window World 450,north_wilkesboro_speedway,North Wilkesboro Speedway,short_track,cluster_6,2026-07-19,chase_briscoe,Chase Briscoe,19,joe_gibbs_racing,Joe Gibbs Racing,toyota,Toyota,routed_consensus,0.39036467343927306,9.331880983738374,short_steep_oval,8
2026,21,cup_2026_r21,5618,Window World 450,north_wilkesboro_speedway,North Wilkesboro Speedway,short_track,cluster_6,2026-07-19,christopher_bell,Christopher Bell,20,joe_gibbs_racing,Joe Gibbs Racing,toyota,Toyota,routed_consensus,0.4831633911169318,6.642329814474357,short_steep_oval,3
2026,21,cup_2026_r21,5618,Window World 450,north_wilkesboro_speedway,North Wilkesboro Speedway,short_track,cluster_6,2026-07-19,josh_berry,Josh Berry,21,wood_brothers_racing,Wood Brothers Racing,ford,Ford,routed_consensus,0.19974600677079468,18.760992302272033,short_steep_oval,29
2026,21,cup_2026_r21,5618,Window World 450,north_wilkesboro_speedway,North Wilkesboro Speedway,short_track,cluster_6,2026-07-19,joey_logano,Joey Logano,22,team_penske,Team Penske,ford,Ford,routed_consensus,0.3246475520615359,11.87215005664238,short_steep_oval,12
2026,21,cup_2026_r21,5618,Window World 450,north_wilkesboro_speedway,North Wilkesboro Speedway,short_track,cluster_6,2026-07-19,bubba_wallace,Bubba Wallace,23,23xi_racing,23XI Racing,toyota,Toyota,routed_consensus,0.34151828093938846,11.160584951940471,short_steep_oval,10
2026,21,cup_2026_r21,5618,Window World 450,north_wilkesboro_speedway,North Wilkesboro Speedway,short_track,cluster_6,2026-07-19,william_byron,William Byron,24,hendrick_motorsports,Hendrick Motorsports,chevrolet,Chevrolet,routed_consensus,0.43861899341610294,7.81976047729665,short_steep_oval,5
2026,21,cup_2026_r21,5618,Window World 450,north_wilkesboro_speedway,North Wilkesboro Speedway,short_track,cluster_6,2026-07-19,austin_hill,Austin Hill,33,richard_childress_racing,Richard Childress Racing,chevrolet,Chevrolet,routed_consensus,0.16215443051738743,21.531110596851562,short_steep_oval,33
2026,21,cup_2026_r21,5618,Window World 450,north_wilkesboro_speedway,North Wilkesboro Speedway,short_track,cluster_6,2026-07-19,todd_gilliland,Todd Gilliland,34,front_row_motorsports,Front Row Motorsports,ford,Ford,routed_consensus,0.21571254208288027,17.695059040673723,short_steep_oval,27
2026,21,cup_2026_r21,5618,Window World 450,north_wilkesboro_speedway,North Wilkesboro Speedway,short_track,cluster_6,2026-07-19,riley_herbst,Riley Herbst,35,23xi_racing,23XI Racing,toyota,Toyota,routed_consensus,0.23008931881057432,16.787175680413846,short_steep_oval,24
2026,21,cup_2026_r21,5618,Window World 450,north_wilkesboro_speedway,North Wilkesboro Speedway,short_track,cluster_6,2026-07-19,zane_smith,Zane Smith,38,front_row_motorsports,Front Row Motorsports,ford,Ford,routed_consensus,0.22355308757488168,17.19401105341053,short_steep_oval,25
2026,21,cup_2026_r21,5618,Window World 450,north_wilkesboro_speedway,North Wilkesboro Speedway,short_track,cluster_6,2026-07-19,cole_custer,Cole Custer,41,haas_factory_team,Haas Factory Team,chevrolet,Chevrolet,routed_consensus,0.18797256186434033,19.587910759599325,short_steep_oval,31
2026,21,cup_2026_r21,5618,Window World 450,north_wilkesboro_speedway,North Wilkesboro Speedway,short_track,cluster_6,2026-07-19,john_hunter_nemechek,John Hunter Nemechek,42,legacy_motor_club,Legacy Motor Club,toyota,Toyota,routed_consensus,0.19706176918928958,18.946395580618677,short_steep_oval,30
2026,21,cup_2026_r21,5618,Window World 450,north_wilkesboro_speedway,North Wilkesboro Speedway,short_track,cluster_6,2026-07-19,erik_jones,Erik Jones,43,legacy_motor_club,Legacy Motor Club,toyota,Toyota,routed_consensus,0.23547310571827473,16.45931218514585,short_steep_oval,23
2026,21,cup_2026_r21,5618,Window World 450,north_wilkesboro_speedway,North Wilkesboro Speedway,short_track,cluster_6,2026-07-19,tyler_reddick,Tyler Reddick,45,23xi_racing,23XI Racing,toyota,Toyota,routed_consensus,0.3737075218067337,9.919089198044913,short_steep_oval,9
2026,21,cup_2026_r21,5618,Window World 450,north_wilkesboro_speedway,North Wilkesboro Speedway,short_track,cluster_6,2026-07-19,ricky_stenhouse_jr,Ricky Stenhouse Jr.,47,hyak_motorsports,Hyak Motorsports,chevrolet,Chevrolet,routed_consensus,0.2080361052738578,18.19976259629669,short_steep_oval,28
2026,21,cup_2026_r21,5618,Window World 450,north_wilkesboro_speedway,North Wilkesboro Speedway,short_track,cluster_6,2026-07-19,alex_bowman,Alex Bowman,48,hendrick_motorsports,Hendrick Motorsports,chevrolet,Chevrolet,routed_consensus,0.3315092040729257,11.57742684636569,short_steep_oval,11
2026,21,cup_2026_r21,5618,Window World 450,north_wilkesboro_speedway,North Wilkesboro Speedway,short_track,cluster_6,2026-07-19,cody_ware,Cody Ware,51,rick_ware_racing,Rick Ware Racing,chevrolet,Chevrolet,routed_consensus,0.09869837318555892,27.16621407412149,short_steep_oval,38
2026,21,cup_2026_r21,5618,Window World 450,north_wilkesboro_speedway,North Wilkesboro Speedway,short_track,cluster_6,2026-07-19,ty_gibbs,Ty Gibbs,54,joe_gibbs_racing,Joe Gibbs Racing,toyota,Toyota,routed_consensus,0.4310370196591896,8.040015032026858,short_steep_oval,6
2026,21,cup_2026_r21,5618,Window World 450,north_wilkesboro_speedway,North Wilkesboro Speedway,short_track,cluster_6,2026-07-19,ryan_preece,Ryan Preece,60,rfk_racing,RFK Racing,ford,Ford,routed_consensus,0.2924113738127804,13.360392576389346,short_steep_oval,17
2026,21,cup_2026_r21,5618,Window World 450,north_wilkesboro_speedway,North Wilkesboro Speedway,short_track,cluster_6,2026-07-19,chad_finchum,Chad Finchum,66,garage_66,Garage 66,ford,Ford,routed_consensus,0.1016783106555467,26.87124852585729,short_steep_oval,37
2026,21,cup_2026_r21,5618,Window World 450,north_wilkesboro_speedway,North Wilkesboro Speedway,short_track,cluster_6,2026-07-19,michael_mcdowell,Michael McDowell,71,spire_motorsports,Spire Motorsports,chevrolet,Chevrolet,routed_consensus,0.24878489301957457,15.675874178490506,short_steep_oval,20
2026,21,cup_2026_r21,5618,Window World 450,north_wilkesboro_speedway,North Wilkesboro Speedway,short_track,cluster_6,2026-07-19,carson_hocevar,Carson Hocevar,77,spire_motorsports,Spire Motorsports,chevrolet,Chevrolet,routed_consensus,0.3115183965149751,12.457150514973918,short_steep_oval,14
2026,21,cup_2026_r21,5618,Window World 450,north_wilkesboro_speedway,North Wilkesboro Speedway,short_track,cluster_6,2026-07-19,bj_mcleod,B.J. McLeod,78,live_fast_motorsports,Live Fast Motorsports,chevrolet,Chevrolet,routed_consensus,0.10255924686990545,26.78466501571175,short_steep_oval,36
2026,21,cup_2026_r21,5618,Window World 450,north_wilkesboro_speedway,North Wilkesboro Speedway,short_track,cluster_6,2026-07-19,connor_zilisch,Connor Zilisch,88,trackhouse_racing,Trackhouse Racing,chevrolet,Chevrolet,routed_consensus,0.17892202559617,20.24827845777376,short_steep_oval,32
2026,21,cup_2026_r21,5618,Window World 450,north_wilkesboro_speedway,North Wilkesboro Speedway,short_track,cluster_6,2026-07-19,shane_van_gisbergen,Shane van Gisbergen,97,trackhouse_racing,Trackhouse Racing,chevrolet,Chevrolet,routed_consensus,0.25398531549748604,15.380043394968393,short_steep_oval,19
