season,round,event_id,race_id,race_name,track_id,track_name,track_primary_family,track_cluster_id,race_date,driver_id,driver_name,car_number,owner_id,owner_name,manufacturer_id,manufacturer,model,predicted_points,points_route,predicted_points_rank
2026,22,cup_2026_r22,5619,Brickyard 400,indianapolis_motor_speedway,Indianapolis Motor Speedway,large_speedway,cluster_4,2026-07-26,ross_chastain,Ross Chastain,1,trackhouse_racing,Trackhouse Racing,chevrolet,Chevrolet,recency_baseline,21.94488437046665,overall,18
2026,22,cup_2026_r22,5619,Brickyard 400,indianapolis_motor_speedway,Indianapolis Motor Speedway,large_speedway,cluster_4,2026-07-26,austin_cindric,Austin Cindric,2,team_penske,Team Penske,ford,Ford,recency_baseline,24.638222668925017,overall,13
2026,22,cup_2026_r22,5619,Brickyard 400,indianapolis_motor_speedway,Indianapolis Motor Speedway,large_speedway,cluster_4,2026-07-26,austin_dillon,Austin Dillon,3,richard_childress_racing,Richard Childress Racing,chevrolet,Chevrolet,recency_baseline,16.568059626244487,overall,27
2026,22,cup_2026_r22,5619,Brickyard 400,indianapolis_motor_speedway,Indianapolis Motor Speedway,large_speedway,cluster_4,2026-07-26,noah_gragson,Noah Gragson,4,front_row_motorsports,Front Row Motorsports,ford,Ford,recency_baseline,10.415072480913818,overall,33
2026,22,cup_2026_r22,5619,Brickyard 400,indianapolis_motor_speedway,Indianapolis Motor Speedway,large_speedway,cluster_4,2026-07-26,kyle_larson,Kyle Larson,5,hendrick_motorsports,Hendrick Motorsports,chevrolet,Chevrolet,recency_baseline,28.99919952335376,overall,7
2026,22,cup_2026_r22,5619,Brickyard 400,indianapolis_motor_speedway,Indianapolis Motor Speedway,large_speedway,cluster_4,2026-07-26,brad_keselowski,Brad Keselowski,6,rfk_racing,RFK Racing,ford,Ford,recency_baseline,16.379149915204525,overall,29
2026,22,cup_2026_r22,5619,Brickyard 400,indianapolis_motor_speedway,Indianapolis Motor Speedway,large_speedway,cluster_4,2026-07-26,daniel_suarez,Daniel Suarez,7,spire_motorsports,Spire Motorsports,chevrolet,Chevrolet,recency_baseline,25.22537824977771,overall,12
2026,22,cup_2026_r22,5619,Brickyard 400,indianapolis_motor_speedway,Indianapolis Motor Speedway,large_speedway,cluster_4,2026-07-26,chase_elliott,Chase Elliott,9,hendrick_motorsports,Hendrick Motorsports,chevrolet,Chevrolet,recency_baseline,27.998356305888837,overall,8
2026,22,cup_2026_r22,5619,Brickyard 400,indianapolis_motor_speedway,Indianapolis Motor Speedway,large_speedway,cluster_4,2026-07-26,ty_dillon,Ty Dillon,10,kaulig_racing,Kaulig Racing,chevrolet,Chevrolet,recency_baseline,11.494082444609433,overall,31
2026,22,cup_2026_r22,5619,Brickyard 400,indianapolis_motor_speedway,Indianapolis Motor Speedway,large_speedway,cluster_4,2026-07-26,denny_hamlin,Denny Hamlin,11,joe_gibbs_racing,Joe Gibbs Racing,toyota,Toyota,recency_baseline,38.2872389373,overall,1
2026,22,cup_2026_r22,5619,Brickyard 400,indianapolis_motor_speedway,Indianapolis Motor Speedway,large_speedway,cluster_4,2026-07-26,ryan_blaney,Ryan Blaney,12,team_penske,Team Penske,ford,Ford,recency_baseline,38.2546437236823,overall,2
2026,22,cup_2026_r22,5619,Brickyard 400,indianapolis_motor_speedway,Indianapolis Motor Speedway,large_speedway,cluster_4,2026-07-26,aj_allmendinger,A.J. Allmendinger,16,kaulig_racing,Kaulig Racing,chevrolet,Chevrolet,recency_baseline,19.06097360615503,overall,22
2026,22,cup_2026_r22,5619,Brickyard 400,indianapolis_motor_speedway,Indianapolis Motor Speedway,large_speedway,cluster_4,2026-07-26,chris_buescher,Chris Buescher,17,rfk_racing,RFK Racing,ford,Ford,recency_baseline,27.00075009188294,overall,10
2026,22,cup_2026_r22,5619,Brickyard 400,indianapolis_motor_speedway,Indianapolis Motor Speedway,large_speedway,cluster_4,2026-07-26,chase_briscoe,Chase Briscoe,19,joe_gibbs_racing,Joe Gibbs Racing,toyota,Toyota,recency_baseline,30.4473458945042,overall,4
2026,22,cup_2026_r22,5619,Brickyard 400,indianapolis_motor_speedway,Indianapolis Motor Speedway,large_speedway,cluster_4,2026-07-26,christopher_bell,Christopher Bell,20,joe_gibbs_racing,Joe Gibbs Racing,toyota,Toyota,recency_baseline,29.14320726577374,overall,6
2026,22,cup_2026_r22,5619,Brickyard 400,indianapolis_motor_speedway,Indianapolis Motor Speedway,large_speedway,cluster_4,2026-07-26,josh_berry,Josh Berry,21,wood_brothers_racing,Wood Brothers Racing,ford,Ford,recency_baseline,10.76263392395416,overall,32
2026,22,cup_2026_r22,5619,Brickyard 400,indianapolis_motor_speedway,Indianapolis Motor Speedway,large_speedway,cluster_4,2026-07-26,joey_logano,Joey Logano,22,team_penske,Team Penske,ford,Ford,recency_baseline,22.958942651960676,overall,16
2026,22,cup_2026_r22,5619,Brickyard 400,indianapolis_motor_speedway,Indianapolis Motor Speedway,large_speedway,cluster_4,2026-07-26,bubba_wallace,Bubba Wallace,23,23xi_racing,23XI Racing,toyota,Toyota,recency_baseline,22.750250431451143,overall,17
2026,22,cup_2026_r22,5619,Brickyard 400,indianapolis_motor_speedway,Indianapolis Motor Speedway,large_speedway,cluster_4,2026-07-26,william_byron,William Byron,24,hendrick_motorsports,Hendrick Motorsports,chevrolet,Chevrolet,recency_baseline,26.123345703940018,overall,11
2026,22,cup_2026_r22,5619,Brickyard 400,indianapolis_motor_speedway,Indianapolis Motor Speedway,large_speedway,cluster_4,2026-07-26,austin_hill,Austin Hill,33,richard_childress_racing,Richard Childress Racing,chevrolet,Chevrolet,recency_baseline,0,overall,37
2026,22,cup_2026_r22,5619,Brickyard 400,indianapolis_motor_speedway,Indianapolis Motor Speedway,large_speedway,cluster_4,2026-07-26,todd_gilliland,Todd Gilliland,34,front_row_motorsports,Front Row Motorsports,ford,Ford,recency_baseline,18.389754268104852,overall,23
2026,22,cup_2026_r22,5619,Brickyard 400,indianapolis_motor_speedway,Indianapolis Motor Speedway,large_speedway,cluster_4,2026-07-26,riley_herbst,Riley Herbst,35,23xi_racing,23XI Racing,toyota,Toyota,recency_baseline,17.60595743091517,overall,25
2026,22,cup_2026_r22,5619,Brickyard 400,indianapolis_motor_speedway,Indianapolis Motor Speedway,large_speedway,cluster_4,2026-07-26,zane_smith,Zane Smith,38,front_row_motorsports,Front Row Motorsports,ford,Ford,recency_baseline,16.55714858888187,overall,28
2026,22,cup_2026_r22,5619,Brickyard 400,indianapolis_motor_speedway,Indianapolis Motor Speedway,large_speedway,cluster_4,2026-07-26,cole_custer,Cole Custer,41,haas_factory_team,Haas Factory Team,chevrolet,Chevrolet,recency_baseline,13.313288949809039,overall,30
2026,22,cup_2026_r22,5619,Brickyard 400,indianapolis_motor_speedway,Indianapolis Motor Speedway,large_speedway,cluster_4,2026-07-26,john_hunter_nemechek,John Hunter Nemechek,42,legacy_motor_club,Legacy Motor Club,toyota,Toyota,recency_baseline,18.037747962095658,overall,24
2026,22,cup_2026_r22,5619,Brickyard 400,indianapolis_motor_speedway,Indianapolis Motor Speedway,large_speedway,cluster_4,2026-07-26,erik_jones,Erik Jones,43,legacy_motor_club,Legacy Motor Club,toyota,Toyota,recency_baseline,24.322603440929754,overall,14
2026,22,cup_2026_r22,5619,Brickyard 400,indianapolis_motor_speedway,Indianapolis Motor Speedway,large_speedway,cluster_4,2026-07-26,tyler_reddick,Tyler Reddick,45,23xi_racing,23XI Racing,toyota,Toyota,recency_baseline,30.319146288617418,overall,5
2026,22,cup_2026_r22,5619,Brickyard 400,indianapolis_motor_speedway,Indianapolis Motor Speedway,large_speedway,cluster_4,2026-07-26,ricky_stenhouse_jr,Ricky Stenhouse Jr.,47,hyak_motorsports,Hyak Motorsports,chevrolet,Chevrolet,recency_baseline,16.578839012738474,overall,26
2026,22,cup_2026_r22,5619,Brickyard 400,indianapolis_motor_speedway,Indianapolis Motor Speedway,large_speedway,cluster_4,2026-07-26,alex_bowman,Alex Bowman,48,hendrick_motorsports,Hendrick Motorsports,chevrolet,Chevrolet,recency_baseline,19.79840169450774,overall,21
2026,22,cup_2026_r22,5619,Brickyard 400,indianapolis_motor_speedway,Indianapolis Motor Speedway,large_speedway,cluster_4,2026-07-26,cody_ware,Cody Ware,51,rick_ware_racing,Rick Ware Racing,chevrolet,Chevrolet,recency_baseline,8.027626257043046,overall,35
2026,22,cup_2026_r22,5619,Brickyard 400,indianapolis_motor_speedway,Indianapolis Motor Speedway,large_speedway,cluster_4,2026-07-26,ty_gibbs,Ty Gibbs,54,joe_gibbs_racing,Joe Gibbs Racing,toyota,Toyota,recency_baseline,33.96249080761247,overall,3
2026,22,cup_2026_r22,5619,Brickyard 400,indianapolis_motor_speedway,Indianapolis Motor Speedway,large_speedway,cluster_4,2026-07-26,ryan_preece,Ryan Preece,60,rfk_racing,RFK Racing,ford,Ford,recency_baseline,20.553317580660742,overall,19
2026,22,cup_2026_r22,5619,Brickyard 400,indianapolis_motor_speedway,Indianapolis Motor Speedway,large_speedway,cluster_4,2026-07-26,chad_finchum,Chad Finchum,66,garage_66,Garage 66,ford,Ford,recency_baseline,0.32588688360873014,overall,36
2026,22,cup_2026_r22,5619,Brickyard 400,indianapolis_motor_speedway,Indianapolis Motor Speedway,large_speedway,cluster_4,2026-07-26,michael_mcdowell,Michael McDowell,71,spire_motorsports,Spire Motorsports,chevrolet,Chevrolet,recency_baseline,20.35954577208,overall,20
2026,22,cup_2026_r22,5619,Brickyard 400,indianapolis_motor_speedway,Indianapolis Motor Speedway,large_speedway,cluster_4,2026-07-26,carson_hocevar,Carson Hocevar,77,spire_motorsports,Spire Motorsports,chevrolet,Chevrolet,recency_baseline,27.481395477985703,overall,9
2026,22,cup_2026_r22,5619,Brickyard 400,indianapolis_motor_speedway,Indianapolis Motor Speedway,large_speedway,cluster_4,2026-07-26,connor_zilisch,Connor Zilisch,88,trackhouse_racing,Trackhouse Racing,chevrolet,Chevrolet,recency_baseline,9.887783165145255,overall,34
2026,22,cup_2026_r22,5619,Brickyard 400,indianapolis_motor_speedway,Indianapolis Motor Speedway,large_speedway,cluster_4,2026-07-26,shane_van_gisbergen,Shane van Gisbergen,97,trackhouse_racing,Trackhouse Racing,chevrolet,Chevrolet,recency_baseline,23.848431611720844,overall,15
2026,22,cup_2026_r22,5619,Brickyard 400,indianapolis_motor_speedway,Indianapolis Motor Speedway,large_speedway,cluster_4,2026-07-26,ross_chastain,Ross Chastain,1,trackhouse_racing,Trackhouse Racing,chevrolet,Chevrolet,xgb_owner_track,21.06621551513672,overall,17
2026,22,cup_2026_r22,5619,Brickyard 400,indianapolis_motor_speedway,Indianapolis Motor Speedway,large_speedway,cluster_4,2026-07-26,austin_cindric,Austin Cindric,2,team_penske,Team Penske,ford,Ford,xgb_owner_track,21.583576202392578,overall,15
2026,22,cup_2026_r22,5619,Brickyard 400,indianapolis_motor_speedway,Indianapolis Motor Speedway,large_speedway,cluster_4,2026-07-26,austin_dillon,Austin Dillon,3,richard_childress_racing,Richard Childress Racing,chevrolet,Chevrolet,xgb_owner_track,15.588509559631348,overall,26
2026,22,cup_2026_r22,5619,Brickyard 400,indianapolis_motor_speedway,Indianapolis Motor Speedway,large_speedway,cluster_4,2026-07-26,noah_gragson,Noah Gragson,4,front_row_motorsports,Front Row Motorsports,ford,Ford,xgb_owner_track,12.342205047607422,overall,32
2026,22,cup_2026_r22,5619,Brickyard 400,indianapolis_motor_speedway,Indianapolis Motor Speedway,large_speedway,cluster_4,2026-07-26,kyle_larson,Kyle Larson,5,hendrick_motorsports,Hendrick Motorsports,chevrolet,Chevrolet,xgb_owner_track,29.713985443115234,overall,2
2026,22,cup_2026_r22,5619,Brickyard 400,indianapolis_motor_speedway,Indianapolis Motor Speedway,large_speedway,cluster_4,2026-07-26,brad_keselowski,Brad Keselowski,6,rfk_racing,RFK Racing,ford,Ford,xgb_owner_track,20.155853271484375,overall,18
2026,22,cup_2026_r22,5619,Brickyard 400,indianapolis_motor_speedway,Indianapolis Motor Speedway,large_speedway,cluster_4,2026-07-26,daniel_suarez,Daniel Suarez,7,spire_motorsports,Spire Motorsports,chevrolet,Chevrolet,xgb_owner_track,21.33726692199707,overall,16
2026,22,cup_2026_r22,5619,Brickyard 400,indianapolis_motor_speedway,Indianapolis Motor Speedway,large_speedway,cluster_4,2026-07-26,chase_elliott,Chase Elliott,9,hendrick_motorsports,Hendrick Motorsports,chevrolet,Chevrolet,xgb_owner_track,27.018016815185547,overall,5
2026,22,cup_2026_r22,5619,Brickyard 400,indianapolis_motor_speedway,Indianapolis Motor Speedway,large_speedway,cluster_4,2026-07-26,ty_dillon,Ty Dillon,10,kaulig_racing,Kaulig Racing,chevrolet,Chevrolet,xgb_owner_track,11.999049186706543,overall,33
2026,22,cup_2026_r22,5619,Brickyard 400,indianapolis_motor_speedway,Indianapolis Motor Speedway,large_speedway,cluster_4,2026-07-26,denny_hamlin,Denny Hamlin,11,joe_gibbs_racing,Joe Gibbs Racing,toyota,Toyota,xgb_owner_track,34.151817321777344,overall,1
2026,22,cup_2026_r22,5619,Brickyard 400,indianapolis_motor_speedway,Indianapolis Motor Speedway,large_speedway,cluster_4,2026-07-26,ryan_blaney,Ryan Blaney,12,team_penske,Team Penske,ford,Ford,xgb_owner_track,28.215282440185547,overall,3
2026,22,cup_2026_r22,5619,Brickyard 400,indianapolis_motor_speedway,Indianapolis Motor Speedway,large_speedway,cluster_4,2026-07-26,aj_allmendinger,A.J. Allmendinger,16,kaulig_racing,Kaulig Racing,chevrolet,Chevrolet,xgb_owner_track,15.050230026245117,overall,28
2026,22,cup_2026_r22,5619,Brickyard 400,indianapolis_motor_speedway,Indianapolis Motor Speedway,large_speedway,cluster_4,2026-07-26,chris_buescher,Chris Buescher,17,rfk_racing,RFK Racing,ford,Ford,xgb_owner_track,24.384626388549805,overall,12
2026,22,cup_2026_r22,5619,Brickyard 400,indianapolis_motor_speedway,Indianapolis Motor Speedway,large_speedway,cluster_4,2026-07-26,chase_briscoe,Chase Briscoe,19,joe_gibbs_racing,Joe Gibbs Racing,toyota,Toyota,xgb_owner_track,25.59636688232422,overall,9
2026,22,cup_2026_r22,5619,Brickyard 400,indianapolis_motor_speedway,Indianapolis Motor Speedway,large_speedway,cluster_4,2026-07-26,christopher_bell,Christopher Bell,20,joe_gibbs_racing,Joe Gibbs Racing,toyota,Toyota,xgb_owner_track,26.072368621826172,overall,7
2026,22,cup_2026_r22,5619,Brickyard 400,indianapolis_motor_speedway,Indianapolis Motor Speedway,large_speedway,cluster_4,2026-07-26,josh_berry,Josh Berry,21,wood_brothers_racing,Wood Brothers Racing,ford,Ford,xgb_owner_track,11.015571594238281,overall,34
2026,22,cup_2026_r22,5619,Brickyard 400,indianapolis_motor_speedway,Indianapolis Motor Speedway,large_speedway,cluster_4,2026-07-26,joey_logano,Joey Logano,22,team_penske,Team Penske,ford,Ford,xgb_owner_track,22.932016372680664,overall,13
2026,22,cup_2026_r22,5619,Brickyard 400,indianapolis_motor_speedway,Indianapolis Motor Speedway,large_speedway,cluster_4,2026-07-26,bubba_wallace,Bubba Wallace,23,23xi_racing,23XI Racing,toyota,Toyota,xgb_owner_track,24.7086181640625,overall,10
2026,22,cup_2026_r22,5619,Brickyard 400,indianapolis_motor_speedway,Indianapolis Motor Speedway,large_speedway,cluster_4,2026-07-26,william_byron,William Byron,24,hendrick_motorsports,Hendrick Motorsports,chevrolet,Chevrolet,xgb_owner_track,27.653013229370117,overall,4
2026,22,cup_2026_r22,5619,Brickyard 400,indianapolis_motor_speedway,Indianapolis Motor Speedway,large_speedway,cluster_4,2026-07-26,austin_hill,Austin Hill,33,richard_childress_racing,Richard Childress Racing,chevrolet,Chevrolet,xgb_owner_track,2.53291654586792,overall,37
2026,22,cup_2026_r22,5619,Brickyard 400,indianapolis_motor_speedway,Indianapolis Motor Speedway,large_speedway,cluster_4,2026-07-26,todd_gilliland,Todd Gilliland,34,front_row_motorsports,Front Row Motorsports,ford,Ford,xgb_owner_track,14.081036567687988,overall,29
2026,22,cup_2026_r22,5619,Brickyard 400,indianapolis_motor_speedway,Indianapolis Motor Speedway,large_speedway,cluster_4,2026-07-26,riley_herbst,Riley Herbst,35,23xi_racing,23XI Racing,toyota,Toyota,xgb_owner_track,16.45050048828125,overall,25
2026,22,cup_2026_r22,5619,Brickyard 400,indianapolis_motor_speedway,Indianapolis Motor Speedway,large_speedway,cluster_4,2026-07-26,zane_smith,Zane Smith,38,front_row_motorsports,Front Row Motorsports,ford,Ford,xgb_owner_track,16.528579711914063,overall,24
2026,22,cup_2026_r22,5619,Brickyard 400,indianapolis_motor_speedway,Indianapolis Motor Speedway,large_speedway,cluster_4,2026-07-26,cole_custer,Cole Custer,41,haas_factory_team,Haas Factory Team,chevrolet,Chevrolet,xgb_owner_track,13.62166690826416,overall,30
2026,22,cup_2026_r22,5619,Brickyard 400,indianapolis_motor_speedway,Indianapolis Motor Speedway,large_speedway,cluster_4,2026-07-26,john_hunter_nemechek,John Hunter Nemechek,42,legacy_motor_club,Legacy Motor Club,toyota,Toyota,xgb_owner_track,19.904508590698242,overall,19
2026,22,cup_2026_r22,5619,Brickyard 400,indianapolis_motor_speedway,Indianapolis Motor Speedway,large_speedway,cluster_4,2026-07-26,erik_jones,Erik Jones,43,legacy_motor_club,Legacy Motor Club,toyota,Toyota,xgb_owner_track,21.766529083251953,overall,14
2026,22,cup_2026_r22,5619,Brickyard 400,indianapolis_motor_speedway,Indianapolis Motor Speedway,large_speedway,cluster_4,2026-07-26,tyler_reddick,Tyler Reddick,45,23xi_racing,23XI Racing,toyota,Toyota,xgb_owner_track,25.930335998535156,overall,8
2026,22,cup_2026_r22,5619,Brickyard 400,indianapolis_motor_speedway,Indianapolis Motor Speedway,large_speedway,cluster_4,2026-07-26,ricky_stenhouse_jr,Ricky Stenhouse Jr.,47,hyak_motorsports,Hyak Motorsports,chevrolet,Chevrolet,xgb_owner_track,15.255531311035156,overall,27
2026,22,cup_2026_r22,5619,Brickyard 400,indianapolis_motor_speedway,Indianapolis Motor Speedway,large_speedway,cluster_4,2026-07-26,alex_bowman,Alex Bowman,48,hendrick_motorsports,Hendrick Motorsports,chevrolet,Chevrolet,xgb_owner_track,19.706510543823242,overall,20
2026,22,cup_2026_r22,5619,Brickyard 400,indianapolis_motor_speedway,Indianapolis Motor Speedway,large_speedway,cluster_4,2026-07-26,cody_ware,Cody Ware,51,rick_ware_racing,Rick Ware Racing,chevrolet,Chevrolet,xgb_owner_track,7.118886947631836,overall,35
2026,22,cup_2026_r22,5619,Brickyard 400,indianapolis_motor_speedway,Indianapolis Motor Speedway,large_speedway,cluster_4,2026-07-26,ty_gibbs,Ty Gibbs,54,joe_gibbs_racing,Joe Gibbs Racing,toyota,Toyota,xgb_owner_track,26.592559814453125,overall,6
2026,22,cup_2026_r22,5619,Brickyard 400,indianapolis_motor_speedway,Indianapolis Motor Speedway,large_speedway,cluster_4,2026-07-26,ryan_preece,Ryan Preece,60,rfk_racing,RFK Racing,ford,Ford,xgb_owner_track,19.115528106689453,overall,21
2026,22,cup_2026_r22,5619,Brickyard 400,indianapolis_motor_speedway,Indianapolis Motor Speedway,large_speedway,cluster_4,2026-07-26,chad_finchum,Chad Finchum,66,garage_66,Garage 66,ford,Ford,xgb_owner_track,2.9825448989868164,overall,36
2026,22,cup_2026_r22,5619,Brickyard 400,indianapolis_motor_speedway,Indianapolis Motor Speedway,large_speedway,cluster_4,2026-07-26,michael_mcdowell,Michael McDowell,71,spire_motorsports,Spire Motorsports,chevrolet,Chevrolet,xgb_owner_track,17.228490829467773,overall,23
2026,22,cup_2026_r22,5619,Brickyard 400,indianapolis_motor_speedway,Indianapolis Motor Speedway,large_speedway,cluster_4,2026-07-26,carson_hocevar,Carson Hocevar,77,spire_motorsports,Spire Motorsports,chevrolet,Chevrolet,xgb_owner_track,24.39525604248047,overall,11
2026,22,cup_2026_r22,5619,Brickyard 400,indianapolis_motor_speedway,Indianapolis Motor Speedway,large_speedway,cluster_4,2026-07-26,connor_zilisch,Connor Zilisch,88,trackhouse_racing,Trackhouse Racing,chevrolet,Chevrolet,xgb_owner_track,13.596861839294434,overall,31
2026,22,cup_2026_r22,5619,Brickyard 400,indianapolis_motor_speedway,Indianapolis Motor Speedway,large_speedway,cluster_4,2026-07-26,shane_van_gisbergen,Shane van Gisbergen,97,trackhouse_racing,Trackhouse Racing,chevrolet,Chevrolet,xgb_owner_track,17.602951049804688,overall,22
2026,22,cup_2026_r22,5619,Brickyard 400,indianapolis_motor_speedway,Indianapolis Motor Speedway,large_speedway,cluster_4,2026-07-26,ross_chastain,Ross Chastain,1,trackhouse_racing,Trackhouse Racing,chevrolet,Chevrolet,xgb_no_owner,19.689599990844727,overall_no_owner,18
2026,22,cup_2026_r22,5619,Brickyard 400,indianapolis_motor_speedway,Indianapolis Motor Speedway,large_speedway,cluster_4,2026-07-26,austin_cindric,Austin Cindric,2,team_penske,Team Penske,ford,Ford,xgb_no_owner,20.809783935546875,overall_no_owner,16
2026,22,cup_2026_r22,5619,Brickyard 400,indianapolis_motor_speedway,Indianapolis Motor Speedway,large_speedway,cluster_4,2026-07-26,austin_dillon,Austin Dillon,3,richard_childress_racing,Richard Childress Racing,chevrolet,Chevrolet,xgb_no_owner,14.159247398376465,overall_no_owner,29
2026,22,cup_2026_r22,5619,Brickyard 400,indianapolis_motor_speedway,Indianapolis Motor Speedway,large_speedway,cluster_4,2026-07-26,noah_gragson,Noah Gragson,4,front_row_motorsports,Front Row Motorsports,ford,Ford,xgb_no_owner,11.044178009033203,overall_no_owner,32
2026,22,cup_2026_r22,5619,Brickyard 400,indianapolis_motor_speedway,Indianapolis Motor Speedway,large_speedway,cluster_4,2026-07-26,kyle_larson,Kyle Larson,5,hendrick_motorsports,Hendrick Motorsports,chevrolet,Chevrolet,xgb_no_owner,29.0556640625,overall_no_owner,3
2026,22,cup_2026_r22,5619,Brickyard 400,indianapolis_motor_speedway,Indianapolis Motor Speedway,large_speedway,cluster_4,2026-07-26,brad_keselowski,Brad Keselowski,6,rfk_racing,RFK Racing,ford,Ford,xgb_no_owner,20.805097579956055,overall_no_owner,17
2026,22,cup_2026_r22,5619,Brickyard 400,indianapolis_motor_speedway,Indianapolis Motor Speedway,large_speedway,cluster_4,2026-07-26,daniel_suarez,Daniel Suarez,7,spire_motorsports,Spire Motorsports,chevrolet,Chevrolet,xgb_no_owner,21.695232391357422,overall_no_owner,14
2026,22,cup_2026_r22,5619,Brickyard 400,indianapolis_motor_speedway,Indianapolis Motor Speedway,large_speedway,cluster_4,2026-07-26,chase_elliott,Chase Elliott,9,hendrick_motorsports,Hendrick Motorsports,chevrolet,Chevrolet,xgb_no_owner,25.113191604614258,overall_no_owner,6
2026,22,cup_2026_r22,5619,Brickyard 400,indianapolis_motor_speedway,Indianapolis Motor Speedway,large_speedway,cluster_4,2026-07-26,ty_dillon,Ty Dillon,10,kaulig_racing,Kaulig Racing,chevrolet,Chevrolet,xgb_no_owner,10.206134796142578,overall_no_owner,34
2026,22,cup_2026_r22,5619,Brickyard 400,indianapolis_motor_speedway,Indianapolis Motor Speedway,large_speedway,cluster_4,2026-07-26,denny_hamlin,Denny Hamlin,11,joe_gibbs_racing,Joe Gibbs Racing,toyota,Toyota,xgb_no_owner,34.37078857421875,overall_no_owner,1
2026,22,cup_2026_r22,5619,Brickyard 400,indianapolis_motor_speedway,Indianapolis Motor Speedway,large_speedway,cluster_4,2026-07-26,ryan_blaney,Ryan Blaney,12,team_penske,Team Penske,ford,Ford,xgb_no_owner,30.986345291137695,overall_no_owner,2
2026,22,cup_2026_r22,5619,Brickyard 400,indianapolis_motor_speedway,Indianapolis Motor Speedway,large_speedway,cluster_4,2026-07-26,aj_allmendinger,A.J. Allmendinger,16,kaulig_racing,Kaulig Racing,chevrolet,Chevrolet,xgb_no_owner,14.470927238464355,overall_no_owner,27
2026,22,cup_2026_r22,5619,Brickyard 400,indianapolis_motor_speedway,Indianapolis Motor Speedway,large_speedway,cluster_4,2026-07-26,chris_buescher,Chris Buescher,17,rfk_racing,RFK Racing,ford,Ford,xgb_no_owner,23.97470474243164,overall_no_owner,9
2026,22,cup_2026_r22,5619,Brickyard 400,indianapolis_motor_speedway,Indianapolis Motor Speedway,large_speedway,cluster_4,2026-07-26,chase_briscoe,Chase Briscoe,19,joe_gibbs_racing,Joe Gibbs Racing,toyota,Toyota,xgb_no_owner,24.049104690551758,overall_no_owner,8
2026,22,cup_2026_r22,5619,Brickyard 400,indianapolis_motor_speedway,Indianapolis Motor Speedway,large_speedway,cluster_4,2026-07-26,christopher_bell,Christopher Bell,20,joe_gibbs_racing,Joe Gibbs Racing,toyota,Toyota,xgb_no_owner,23.302377700805664,overall_no_owner,12
2026,22,cup_2026_r22,5619,Brickyard 400,indianapolis_motor_speedway,Indianapolis Motor Speedway,large_speedway,cluster_4,2026-07-26,josh_berry,Josh Berry,21,wood_brothers_racing,Wood Brothers Racing,ford,Ford,xgb_no_owner,11.008299827575684,overall_no_owner,33
2026,22,cup_2026_r22,5619,Brickyard 400,indianapolis_motor_speedway,Indianapolis Motor Speedway,large_speedway,cluster_4,2026-07-26,joey_logano,Joey Logano,22,team_penske,Team Penske,ford,Ford,xgb_no_owner,22.26722526550293,overall_no_owner,13
2026,22,cup_2026_r22,5619,Brickyard 400,indianapolis_motor_speedway,Indianapolis Motor Speedway,large_speedway,cluster_4,2026-07-26,bubba_wallace,Bubba Wallace,23,23xi_racing,23XI Racing,toyota,Toyota,xgb_no_owner,21.21030044555664,overall_no_owner,15
2026,22,cup_2026_r22,5619,Brickyard 400,indianapolis_motor_speedway,Indianapolis Motor Speedway,large_speedway,cluster_4,2026-07-26,william_byron,William Byron,24,hendrick_motorsports,Hendrick Motorsports,chevrolet,Chevrolet,xgb_no_owner,26.008420944213867,overall_no_owner,5
2026,22,cup_2026_r22,5619,Brickyard 400,indianapolis_motor_speedway,Indianapolis Motor Speedway,large_speedway,cluster_4,2026-07-26,austin_hill,Austin Hill,33,richard_childress_racing,Richard Childress Racing,chevrolet,Chevrolet,xgb_no_owner,1.3619555234909058,overall_no_owner,37
2026,22,cup_2026_r22,5619,Brickyard 400,indianapolis_motor_speedway,Indianapolis Motor Speedway,large_speedway,cluster_4,2026-07-26,todd_gilliland,Todd Gilliland,34,front_row_motorsports,Front Row Motorsports,ford,Ford,xgb_no_owner,14.206506729125977,overall_no_owner,28
2026,22,cup_2026_r22,5619,Brickyard 400,indianapolis_motor_speedway,Indianapolis Motor Speedway,large_speedway,cluster_4,2026-07-26,riley_herbst,Riley Herbst,35,23xi_racing,23XI Racing,toyota,Toyota,xgb_no_owner,15.085861206054688,overall_no_owner,25
2026,22,cup_2026_r22,5619,Brickyard 400,indianapolis_motor_speedway,Indianapolis Motor Speedway,large_speedway,cluster_4,2026-07-26,zane_smith,Zane Smith,38,front_row_motorsports,Front Row Motorsports,ford,Ford,xgb_no_owner,15.589876174926758,overall_no_owner,24
2026,22,cup_2026_r22,5619,Brickyard 400,indianapolis_motor_speedway,Indianapolis Motor Speedway,large_speedway,cluster_4,2026-07-26,cole_custer,Cole Custer,41,haas_factory_team,Haas Factory Team,chevrolet,Chevrolet,xgb_no_owner,12.538334846496582,overall_no_owner,31
2026,22,cup_2026_r22,5619,Brickyard 400,indianapolis_motor_speedway,Indianapolis Motor Speedway,large_speedway,cluster_4,2026-07-26,john_hunter_nemechek,John Hunter Nemechek,42,legacy_motor_club,Legacy Motor Club,toyota,Toyota,xgb_no_owner,18.945234298706055,overall_no_owner,20
2026,22,cup_2026_r22,5619,Brickyard 400,indianapolis_motor_speedway,Indianapolis Motor Speedway,large_speedway,cluster_4,2026-07-26,erik_jones,Erik Jones,43,legacy_motor_club,Legacy Motor Club,toyota,Toyota,xgb_no_owner,23.94080924987793,overall_no_owner,10
2026,22,cup_2026_r22,5619,Brickyard 400,indianapolis_motor_speedway,Indianapolis Motor Speedway,large_speedway,cluster_4,2026-07-26,tyler_reddick,Tyler Reddick,45,23xi_racing,23XI Racing,toyota,Toyota,xgb_no_owner,26.952909469604492,overall_no_owner,4
2026,22,cup_2026_r22,5619,Brickyard 400,indianapolis_motor_speedway,Indianapolis Motor Speedway,large_speedway,cluster_4,2026-07-26,ricky_stenhouse_jr,Ricky Stenhouse Jr.,47,hyak_motorsports,Hyak Motorsports,chevrolet,Chevrolet,xgb_no_owner,14.979323387145996,overall_no_owner,26
2026,22,cup_2026_r22,5619,Brickyard 400,indianapolis_motor_speedway,Indianapolis Motor Speedway,large_speedway,cluster_4,2026-07-26,alex_bowman,Alex Bowman,48,hendrick_motorsports,Hendrick Motorsports,chevrolet,Chevrolet,xgb_no_owner,19.043859481811523,overall_no_owner,19
2026,22,cup_2026_r22,5619,Brickyard 400,indianapolis_motor_speedway,Indianapolis Motor Speedway,large_speedway,cluster_4,2026-07-26,cody_ware,Cody Ware,51,rick_ware_racing,Rick Ware Racing,chevrolet,Chevrolet,xgb_no_owner,7.85373067855835,overall_no_owner,35
2026,22,cup_2026_r22,5619,Brickyard 400,indianapolis_motor_speedway,Indianapolis Motor Speedway,large_speedway,cluster_4,2026-07-26,ty_gibbs,Ty Gibbs,54,joe_gibbs_racing,Joe Gibbs Racing,toyota,Toyota,xgb_no_owner,23.528804779052734,overall_no_owner,11
2026,22,cup_2026_r22,5619,Brickyard 400,indianapolis_motor_speedway,Indianapolis Motor Speedway,large_speedway,cluster_4,2026-07-26,ryan_preece,Ryan Preece,60,rfk_racing,RFK Racing,ford,Ford,xgb_no_owner,17.541563034057617,overall_no_owner,21
2026,22,cup_2026_r22,5619,Brickyard 400,indianapolis_motor_speedway,Indianapolis Motor Speedway,large_speedway,cluster_4,2026-07-26,chad_finchum,Chad Finchum,66,garage_66,Garage 66,ford,Ford,xgb_no_owner,2.8654961585998535,overall_no_owner,36
2026,22,cup_2026_r22,5619,Brickyard 400,indianapolis_motor_speedway,Indianapolis Motor Speedway,large_speedway,cluster_4,2026-07-26,michael_mcdowell,Michael McDowell,71,spire_motorsports,Spire Motorsports,chevrolet,Chevrolet,xgb_no_owner,16.0280704498291,overall_no_owner,23
2026,22,cup_2026_r22,5619,Brickyard 400,indianapolis_motor_speedway,Indianapolis Motor Speedway,large_speedway,cluster_4,2026-07-26,carson_hocevar,Carson Hocevar,77,spire_motorsports,Spire Motorsports,chevrolet,Chevrolet,xgb_no_owner,25.109495162963867,overall_no_owner,7
2026,22,cup_2026_r22,5619,Brickyard 400,indianapolis_motor_speedway,Indianapolis Motor Speedway,large_speedway,cluster_4,2026-07-26,connor_zilisch,Connor Zilisch,88,trackhouse_racing,Trackhouse Racing,chevrolet,Chevrolet,xgb_no_owner,12.77027416229248,overall_no_owner,30
2026,22,cup_2026_r22,5619,Brickyard 400,indianapolis_motor_speedway,Indianapolis Motor Speedway,large_speedway,cluster_4,2026-07-26,shane_van_gisbergen,Shane van Gisbergen,97,trackhouse_racing,Trackhouse Racing,chevrolet,Chevrolet,xgb_no_owner,16.10732650756836,overall_no_owner,22
2026,22,cup_2026_r22,5619,Brickyard 400,indianapolis_motor_speedway,Indianapolis Motor Speedway,large_speedway,cluster_4,2026-07-26,ross_chastain,Ross Chastain,1,trackhouse_racing,Trackhouse Racing,chevrolet,Chevrolet,xgb_drafting_specialist,24.097688674926758,drafting_superspeedway,8
2026,22,cup_2026_r22,5619,Brickyard 400,indianapolis_motor_speedway,Indianapolis Motor Speedway,large_speedway,cluster_4,2026-07-26,austin_cindric,Austin Cindric,2,team_penske,Team Penske,ford,Ford,xgb_drafting_specialist,21.300493240356445,drafting_superspeedway,15
2026,22,cup_2026_r22,5619,Brickyard 400,indianapolis_motor_speedway,Indianapolis Motor Speedway,large_speedway,cluster_4,2026-07-26,austin_dillon,Austin Dillon,3,richard_childress_racing,Richard Childress Racing,chevrolet,Chevrolet,xgb_drafting_specialist,18.77617645263672,drafting_superspeedway,23
2026,22,cup_2026_r22,5619,Brickyard 400,indianapolis_motor_speedway,Indianapolis Motor Speedway,large_speedway,cluster_4,2026-07-26,noah_gragson,Noah Gragson,4,front_row_motorsports,Front Row Motorsports,ford,Ford,xgb_drafting_specialist,17.64129638671875,drafting_superspeedway,31
2026,22,cup_2026_r22,5619,Brickyard 400,indianapolis_motor_speedway,Indianapolis Motor Speedway,large_speedway,cluster_4,2026-07-26,kyle_larson,Kyle Larson,5,hendrick_motorsports,Hendrick Motorsports,chevrolet,Chevrolet,xgb_drafting_specialist,25.743776321411133,drafting_superspeedway,4
2026,22,cup_2026_r22,5619,Brickyard 400,indianapolis_motor_speedway,Indianapolis Motor Speedway,large_speedway,cluster_4,2026-07-26,brad_keselowski,Brad Keselowski,6,rfk_racing,RFK Racing,ford,Ford,xgb_drafting_specialist,19.44203758239746,drafting_superspeedway,20
2026,22,cup_2026_r22,5619,Brickyard 400,indianapolis_motor_speedway,Indianapolis Motor Speedway,large_speedway,cluster_4,2026-07-26,daniel_suarez,Daniel Suarez,7,spire_motorsports,Spire Motorsports,chevrolet,Chevrolet,xgb_drafting_specialist,19.777799606323242,drafting_superspeedway,19
2026,22,cup_2026_r22,5619,Brickyard 400,indianapolis_motor_speedway,Indianapolis Motor Speedway,large_speedway,cluster_4,2026-07-26,chase_elliott,Chase Elliott,9,hendrick_motorsports,Hendrick Motorsports,chevrolet,Chevrolet,xgb_drafting_specialist,26.304906845092773,drafting_superspeedway,2
2026,22,cup_2026_r22,5619,Brickyard 400,indianapolis_motor_speedway,Indianapolis Motor Speedway,large_speedway,cluster_4,2026-07-26,ty_dillon,Ty Dillon,10,kaulig_racing,Kaulig Racing,chevrolet,Chevrolet,xgb_drafting_specialist,18.58647918701172,drafting_superspeedway,26
2026,22,cup_2026_r22,5619,Brickyard 400,indianapolis_motor_speedway,Indianapolis Motor Speedway,large_speedway,cluster_4,2026-07-26,denny_hamlin,Denny Hamlin,11,joe_gibbs_racing,Joe Gibbs Racing,toyota,Toyota,xgb_drafting_specialist,26.05512046813965,drafting_superspeedway,3
2026,22,cup_2026_r22,5619,Brickyard 400,indianapolis_motor_speedway,Indianapolis Motor Speedway,large_speedway,cluster_4,2026-07-26,ryan_blaney,Ryan Blaney,12,team_penske,Team Penske,ford,Ford,xgb_drafting_specialist,31.86256217956543,drafting_superspeedway,1
2026,22,cup_2026_r22,5619,Brickyard 400,indianapolis_motor_speedway,Indianapolis Motor Speedway,large_speedway,cluster_4,2026-07-26,aj_allmendinger,A.J. Allmendinger,16,kaulig_racing,Kaulig Racing,chevrolet,Chevrolet,xgb_drafting_specialist,18.670331954956055,drafting_superspeedway,25
2026,22,cup_2026_r22,5619,Brickyard 400,indianapolis_motor_speedway,Indianapolis Motor Speedway,large_speedway,cluster_4,2026-07-26,chris_buescher,Chris Buescher,17,rfk_racing,RFK Racing,ford,Ford,xgb_drafting_specialist,24.072269439697266,drafting_superspeedway,9
2026,22,cup_2026_r22,5619,Brickyard 400,indianapolis_motor_speedway,Indianapolis Motor Speedway,large_speedway,cluster_4,2026-07-26,chase_briscoe,Chase Briscoe,19,joe_gibbs_racing,Joe Gibbs Racing,toyota,Toyota,xgb_drafting_specialist,21.320451736450195,drafting_superspeedway,14
2026,22,cup_2026_r22,5619,Brickyard 400,indianapolis_motor_speedway,Indianapolis Motor Speedway,large_speedway,cluster_4,2026-07-26,christopher_bell,Christopher Bell,20,joe_gibbs_racing,Joe Gibbs Racing,toyota,Toyota,xgb_drafting_specialist,20.60816764831543,drafting_superspeedway,16
2026,22,cup_2026_r22,5619,Brickyard 400,indianapolis_motor_speedway,Indianapolis Motor Speedway,large_speedway,cluster_4,2026-07-26,josh_berry,Josh Berry,21,wood_brothers_racing,Wood Brothers Racing,ford,Ford,xgb_drafting_specialist,16.922645568847656,drafting_superspeedway,33
2026,22,cup_2026_r22,5619,Brickyard 400,indianapolis_motor_speedway,Indianapolis Motor Speedway,large_speedway,cluster_4,2026-07-26,joey_logano,Joey Logano,22,team_penske,Team Penske,ford,Ford,xgb_drafting_specialist,23.457935333251953,drafting_superspeedway,11
2026,22,cup_2026_r22,5619,Brickyard 400,indianapolis_motor_speedway,Indianapolis Motor Speedway,large_speedway,cluster_4,2026-07-26,bubba_wallace,Bubba Wallace,23,23xi_racing,23XI Racing,toyota,Toyota,xgb_drafting_specialist,22.874422073364258,drafting_superspeedway,12
2026,22,cup_2026_r22,5619,Brickyard 400,indianapolis_motor_speedway,Indianapolis Motor Speedway,large_speedway,cluster_4,2026-07-26,william_byron,William Byron,24,hendrick_motorsports,Hendrick Motorsports,chevrolet,Chevrolet,xgb_drafting_specialist,25.552156448364258,drafting_superspeedway,5
2026,22,cup_2026_r22,5619,Brickyard 400,indianapolis_motor_speedway,Indianapolis Motor Speedway,large_speedway,cluster_4,2026-07-26,austin_hill,Austin Hill,33,richard_childress_racing,Richard Childress Racing,chevrolet,Chevrolet,xgb_drafting_specialist,2.5352556705474854,drafting_superspeedway,36
2026,22,cup_2026_r22,5619,Brickyard 400,indianapolis_motor_speedway,Indianapolis Motor Speedway,large_speedway,cluster_4,2026-07-26,todd_gilliland,Todd Gilliland,34,front_row_motorsports,Front Row Motorsports,ford,Ford,xgb_drafting_specialist,17.923093795776367,drafting_superspeedway,30
2026,22,cup_2026_r22,5619,Brickyard 400,indianapolis_motor_speedway,Indianapolis Motor Speedway,large_speedway,cluster_4,2026-07-26,riley_herbst,Riley Herbst,35,23xi_racing,23XI Racing,toyota,Toyota,xgb_drafting_specialist,18.209623336791992,drafting_superspeedway,29
2026,22,cup_2026_r22,5619,Brickyard 400,indianapolis_motor_speedway,Indianapolis Motor Speedway,large_speedway,cluster_4,2026-07-26,zane_smith,Zane Smith,38,front_row_motorsports,Front Row Motorsports,ford,Ford,xgb_drafting_specialist,19.91470718383789,drafting_superspeedway,18
2026,22,cup_2026_r22,5619,Brickyard 400,indianapolis_motor_speedway,Indianapolis Motor Speedway,large_speedway,cluster_4,2026-07-26,cole_custer,Cole Custer,41,haas_factory_team,Haas Factory Team,chevrolet,Chevrolet,xgb_drafting_specialist,17.414636611938477,drafting_superspeedway,32
2026,22,cup_2026_r22,5619,Brickyard 400,indianapolis_motor_speedway,Indianapolis Motor Speedway,large_speedway,cluster_4,2026-07-26,john_hunter_nemechek,John Hunter Nemechek,42,legacy_motor_club,Legacy Motor Club,toyota,Toyota,xgb_drafting_specialist,18.33311653137207,drafting_superspeedway,28
2026,22,cup_2026_r22,5619,Brickyard 400,indianapolis_motor_speedway,Indianapolis Motor Speedway,large_speedway,cluster_4,2026-07-26,erik_jones,Erik Jones,43,legacy_motor_club,Legacy Motor Club,toyota,Toyota,xgb_drafting_specialist,20.221223831176758,drafting_superspeedway,17
2026,22,cup_2026_r22,5619,Brickyard 400,indianapolis_motor_speedway,Indianapolis Motor Speedway,large_speedway,cluster_4,2026-07-26,tyler_reddick,Tyler Reddick,45,23xi_racing,23XI Racing,toyota,Toyota,xgb_drafting_specialist,25.44691276550293,drafting_superspeedway,6
2026,22,cup_2026_r22,5619,Brickyard 400,indianapolis_motor_speedway,Indianapolis Motor Speedway,large_speedway,cluster_4,2026-07-26,ricky_stenhouse_jr,Ricky Stenhouse Jr.,47,hyak_motorsports,Hyak Motorsports,chevrolet,Chevrolet,xgb_drafting_specialist,18.703821182250977,drafting_superspeedway,24
2026,22,cup_2026_r22,5619,Brickyard 400,indianapolis_motor_speedway,Indianapolis Motor Speedway,large_speedway,cluster_4,2026-07-26,alex_bowman,Alex Bowman,48,hendrick_motorsports,Hendrick Motorsports,chevrolet,Chevrolet,xgb_drafting_specialist,21.703325271606445,drafting_superspeedway,13
2026,22,cup_2026_r22,5619,Brickyard 400,indianapolis_motor_speedway,Indianapolis Motor Speedway,large_speedway,cluster_4,2026-07-26,cody_ware,Cody Ware,51,rick_ware_racing,Rick Ware Racing,chevrolet,Chevrolet,xgb_drafting_specialist,14.440777778625488,drafting_superspeedway,35
2026,22,cup_2026_r22,5619,Brickyard 400,indianapolis_motor_speedway,Indianapolis Motor Speedway,large_speedway,cluster_4,2026-07-26,ty_gibbs,Ty Gibbs,54,joe_gibbs_racing,Joe Gibbs Racing,toyota,Toyota,xgb_drafting_specialist,23.545015335083008,drafting_superspeedway,10
2026,22,cup_2026_r22,5619,Brickyard 400,indianapolis_motor_speedway,Indianapolis Motor Speedway,large_speedway,cluster_4,2026-07-26,ryan_preece,Ryan Preece,60,rfk_racing,RFK Racing,ford,Ford,xgb_drafting_specialist,19.16673469543457,drafting_superspeedway,21
2026,22,cup_2026_r22,5619,Brickyard 400,indianapolis_motor_speedway,Indianapolis Motor Speedway,large_speedway,cluster_4,2026-07-26,chad_finchum,Chad Finchum,66,garage_66,Garage 66,ford,Ford,xgb_drafting_specialist,2.136077880859375,drafting_superspeedway,37
2026,22,cup_2026_r22,5619,Brickyard 400,indianapolis_motor_speedway,Indianapolis Motor Speedway,large_speedway,cluster_4,2026-07-26,michael_mcdowell,Michael McDowell,71,spire_motorsports,Spire Motorsports,chevrolet,Chevrolet,xgb_drafting_specialist,18.395605087280273,drafting_superspeedway,27
2026,22,cup_2026_r22,5619,Brickyard 400,indianapolis_motor_speedway,Indianapolis Motor Speedway,large_speedway,cluster_4,2026-07-26,carson_hocevar,Carson Hocevar,77,spire_motorsports,Spire Motorsports,chevrolet,Chevrolet,xgb_drafting_specialist,24.645998001098633,drafting_superspeedway,7
2026,22,cup_2026_r22,5619,Brickyard 400,indianapolis_motor_speedway,Indianapolis Motor Speedway,large_speedway,cluster_4,2026-07-26,connor_zilisch,Connor Zilisch,88,trackhouse_racing,Trackhouse Racing,chevrolet,Chevrolet,xgb_drafting_specialist,14.978348731994629,drafting_superspeedway,34
2026,22,cup_2026_r22,5619,Brickyard 400,indianapolis_motor_speedway,Indianapolis Motor Speedway,large_speedway,cluster_4,2026-07-26,shane_van_gisbergen,Shane van Gisbergen,97,trackhouse_racing,Trackhouse Racing,chevrolet,Chevrolet,xgb_drafting_specialist,19.0668888092041,drafting_superspeedway,22
2026,22,cup_2026_r22,5619,Brickyard 400,indianapolis_motor_speedway,Indianapolis Motor Speedway,large_speedway,cluster_4,2026-07-26,ross_chastain,Ross Chastain,1,trackhouse_racing,Trackhouse Racing,chevrolet,Chevrolet,xgb_road_specialist,18.719968795776367,road_course,20
2026,22,cup_2026_r22,5619,Brickyard 400,indianapolis_motor_speedway,Indianapolis Motor Speedway,large_speedway,cluster_4,2026-07-26,austin_cindric,Austin Cindric,2,team_penske,Team Penske,ford,Ford,xgb_road_specialist,23.72920799255371,road_course,11
2026,22,cup_2026_r22,5619,Brickyard 400,indianapolis_motor_speedway,Indianapolis Motor Speedway,large_speedway,cluster_4,2026-07-26,austin_dillon,Austin Dillon,3,richard_childress_racing,Richard Childress Racing,chevrolet,Chevrolet,xgb_road_specialist,14.327226638793945,road_course,29
2026,22,cup_2026_r22,5619,Brickyard 400,indianapolis_motor_speedway,Indianapolis Motor Speedway,large_speedway,cluster_4,2026-07-26,noah_gragson,Noah Gragson,4,front_row_motorsports,Front Row Motorsports,ford,Ford,xgb_road_specialist,10.671483993530273,road_course,34
2026,22,cup_2026_r22,5619,Brickyard 400,indianapolis_motor_speedway,Indianapolis Motor Speedway,large_speedway,cluster_4,2026-07-26,kyle_larson,Kyle Larson,5,hendrick_motorsports,Hendrick Motorsports,chevrolet,Chevrolet,xgb_road_specialist,24.230836868286133,road_course,10
2026,22,cup_2026_r22,5619,Brickyard 400,indianapolis_motor_speedway,Indianapolis Motor Speedway,large_speedway,cluster_4,2026-07-26,brad_keselowski,Brad Keselowski,6,rfk_racing,RFK Racing,ford,Ford,xgb_road_specialist,20.83531951904297,road_course,14
2026,22,cup_2026_r22,5619,Brickyard 400,indianapolis_motor_speedway,Indianapolis Motor Speedway,large_speedway,cluster_4,2026-07-26,daniel_suarez,Daniel Suarez,7,spire_motorsports,Spire Motorsports,chevrolet,Chevrolet,xgb_road_specialist,18.909385681152344,road_course,18
2026,22,cup_2026_r22,5619,Brickyard 400,indianapolis_motor_speedway,Indianapolis Motor Speedway,large_speedway,cluster_4,2026-07-26,chase_elliott,Chase Elliott,9,hendrick_motorsports,Hendrick Motorsports,chevrolet,Chevrolet,xgb_road_specialist,21.964710235595703,road_course,12
2026,22,cup_2026_r22,5619,Brickyard 400,indianapolis_motor_speedway,Indianapolis Motor Speedway,large_speedway,cluster_4,2026-07-26,ty_dillon,Ty Dillon,10,kaulig_racing,Kaulig Racing,chevrolet,Chevrolet,xgb_road_specialist,11.340734481811523,road_course,33
2026,22,cup_2026_r22,5619,Brickyard 400,indianapolis_motor_speedway,Indianapolis Motor Speedway,large_speedway,cluster_4,2026-07-26,denny_hamlin,Denny Hamlin,11,joe_gibbs_racing,Joe Gibbs Racing,toyota,Toyota,xgb_road_specialist,28.49411964416504,road_course,2
2026,22,cup_2026_r22,5619,Brickyard 400,indianapolis_motor_speedway,Indianapolis Motor Speedway,large_speedway,cluster_4,2026-07-26,ryan_blaney,Ryan Blaney,12,team_penske,Team Penske,ford,Ford,xgb_road_specialist,27.273012161254883,road_course,3
2026,22,cup_2026_r22,5619,Brickyard 400,indianapolis_motor_speedway,Indianapolis Motor Speedway,large_speedway,cluster_4,2026-07-26,aj_allmendinger,A.J. Allmendinger,16,kaulig_racing,Kaulig Racing,chevrolet,Chevrolet,xgb_road_specialist,16.223581314086914,road_course,25
2026,22,cup_2026_r22,5619,Brickyard 400,indianapolis_motor_speedway,Indianapolis Motor Speedway,large_speedway,cluster_4,2026-07-26,chris_buescher,Chris Buescher,17,rfk_racing,RFK Racing,ford,Ford,xgb_road_specialist,29.43832015991211,road_course,1
2026,22,cup_2026_r22,5619,Brickyard 400,indianapolis_motor_speedway,Indianapolis Motor Speedway,large_speedway,cluster_4,2026-07-26,chase_briscoe,Chase Briscoe,19,joe_gibbs_racing,Joe Gibbs Racing,toyota,Toyota,xgb_road_specialist,27.220823287963867,road_course,4
2026,22,cup_2026_r22,5619,Brickyard 400,indianapolis_motor_speedway,Indianapolis Motor Speedway,large_speedway,cluster_4,2026-07-26,christopher_bell,Christopher Bell,20,joe_gibbs_racing,Joe Gibbs Racing,toyota,Toyota,xgb_road_specialist,26.722759246826172,road_course,5
2026,22,cup_2026_r22,5619,Brickyard 400,indianapolis_motor_speedway,Indianapolis Motor Speedway,large_speedway,cluster_4,2026-07-26,josh_berry,Josh Berry,21,wood_brothers_racing,Wood Brothers Racing,ford,Ford,xgb_road_specialist,12.830907821655273,road_course,31
2026,22,cup_2026_r22,5619,Brickyard 400,indianapolis_motor_speedway,Indianapolis Motor Speedway,large_speedway,cluster_4,2026-07-26,joey_logano,Joey Logano,22,team_penske,Team Penske,ford,Ford,xgb_road_specialist,24.902080535888672,road_course,6
2026,22,cup_2026_r22,5619,Brickyard 400,indianapolis_motor_speedway,Indianapolis Motor Speedway,large_speedway,cluster_4,2026-07-26,bubba_wallace,Bubba Wallace,23,23xi_racing,23XI Racing,toyota,Toyota,xgb_road_specialist,18.73261070251465,road_course,19
2026,22,cup_2026_r22,5619,Brickyard 400,indianapolis_motor_speedway,Indianapolis Motor Speedway,large_speedway,cluster_4,2026-07-26,william_byron,William Byron,24,hendrick_motorsports,Hendrick Motorsports,chevrolet,Chevrolet,xgb_road_specialist,24.713863372802734,road_course,7
2026,22,cup_2026_r22,5619,Brickyard 400,indianapolis_motor_speedway,Indianapolis Motor Speedway,large_speedway,cluster_4,2026-07-26,austin_hill,Austin Hill,33,richard_childress_racing,Richard Childress Racing,chevrolet,Chevrolet,xgb_road_specialist,2.562739372253418,road_course,36
2026,22,cup_2026_r22,5619,Brickyard 400,indianapolis_motor_speedway,Indianapolis Motor Speedway,large_speedway,cluster_4,2026-07-26,todd_gilliland,Todd Gilliland,34,front_row_motorsports,Front Row Motorsports,ford,Ford,xgb_road_specialist,15.892614364624023,road_course,26
2026,22,cup_2026_r22,5619,Brickyard 400,indianapolis_motor_speedway,Indianapolis Motor Speedway,large_speedway,cluster_4,2026-07-26,riley_herbst,Riley Herbst,35,23xi_racing,23XI Racing,toyota,Toyota,xgb_road_specialist,18.136241912841797,road_course,21
2026,22,cup_2026_r22,5619,Brickyard 400,indianapolis_motor_speedway,Indianapolis Motor Speedway,large_speedway,cluster_4,2026-07-26,zane_smith,Zane Smith,38,front_row_motorsports,Front Row Motorsports,ford,Ford,xgb_road_specialist,16.24515724182129,road_course,24
2026,22,cup_2026_r22,5619,Brickyard 400,indianapolis_motor_speedway,Indianapolis Motor Speedway,large_speedway,cluster_4,2026-07-26,cole_custer,Cole Custer,41,haas_factory_team,Haas Factory Team,chevrolet,Chevrolet,xgb_road_specialist,12.869564056396484,road_course,30
2026,22,cup_2026_r22,5619,Brickyard 400,indianapolis_motor_speedway,Indianapolis Motor Speedway,large_speedway,cluster_4,2026-07-26,john_hunter_nemechek,John Hunter Nemechek,42,legacy_motor_club,Legacy Motor Club,toyota,Toyota,xgb_road_specialist,16.266279220581055,road_course,23
2026,22,cup_2026_r22,5619,Brickyard 400,indianapolis_motor_speedway,Indianapolis Motor Speedway,large_speedway,cluster_4,2026-07-26,erik_jones,Erik Jones,43,legacy_motor_club,Legacy Motor Club,toyota,Toyota,xgb_road_specialist,19.18077850341797,road_course,16
2026,22,cup_2026_r22,5619,Brickyard 400,indianapolis_motor_speedway,Indianapolis Motor Speedway,large_speedway,cluster_4,2026-07-26,tyler_reddick,Tyler Reddick,45,23xi_racing,23XI Racing,toyota,Toyota,xgb_road_specialist,24.424257278442383,road_course,9
2026,22,cup_2026_r22,5619,Brickyard 400,indianapolis_motor_speedway,Indianapolis Motor Speedway,large_speedway,cluster_4,2026-07-26,ricky_stenhouse_jr,Ricky Stenhouse Jr.,47,hyak_motorsports,Hyak Motorsports,chevrolet,Chevrolet,xgb_road_specialist,14.525474548339844,road_course,28
2026,22,cup_2026_r22,5619,Brickyard 400,indianapolis_motor_speedway,Indianapolis Motor Speedway,large_speedway,cluster_4,2026-07-26,alex_bowman,Alex Bowman,48,hendrick_motorsports,Hendrick Motorsports,chevrolet,Chevrolet,xgb_road_specialist,16.384910583496094,road_course,22
2026,22,cup_2026_r22,5619,Brickyard 400,indianapolis_motor_speedway,Indianapolis Motor Speedway,large_speedway,cluster_4,2026-07-26,cody_ware,Cody Ware,51,rick_ware_racing,Rick Ware Racing,chevrolet,Chevrolet,xgb_road_specialist,8.8801422119140625,road_course,35
2026,22,cup_2026_r22,5619,Brickyard 400,indianapolis_motor_speedway,Indianapolis Motor Speedway,large_speedway,cluster_4,2026-07-26,ty_gibbs,Ty Gibbs,54,joe_gibbs_racing,Joe Gibbs Racing,toyota,Toyota,xgb_road_specialist,24.434188842773438,road_course,8
2026,22,cup_2026_r22,5619,Brickyard 400,indianapolis_motor_speedway,Indianapolis Motor Speedway,large_speedway,cluster_4,2026-07-26,ryan_preece,Ryan Preece,60,rfk_racing,RFK Racing,ford,Ford,xgb_road_specialist,18.97886848449707,road_course,17
2026,22,cup_2026_r22,5619,Brickyard 400,indianapolis_motor_speedway,Indianapolis Motor Speedway,large_speedway,cluster_4,2026-07-26,chad_finchum,Chad Finchum,66,garage_66,Garage 66,ford,Ford,xgb_road_specialist,1.5562866926193237,road_course,37
2026,22,cup_2026_r22,5619,Brickyard 400,indianapolis_motor_speedway,Indianapolis Motor Speedway,large_speedway,cluster_4,2026-07-26,michael_mcdowell,Michael McDowell,71,spire_motorsports,Spire Motorsports,chevrolet,Chevrolet,xgb_road_specialist,12.360620498657227,road_course,32
2026,22,cup_2026_r22,5619,Brickyard 400,indianapolis_motor_speedway,Indianapolis Motor Speedway,large_speedway,cluster_4,2026-07-26,carson_hocevar,Carson Hocevar,77,spire_motorsports,Spire Motorsports,chevrolet,Chevrolet,xgb_road_specialist,21.070743560791016,road_course,13
2026,22,cup_2026_r22,5619,Brickyard 400,indianapolis_motor_speedway,Indianapolis Motor Speedway,large_speedway,cluster_4,2026-07-26,connor_zilisch,Connor Zilisch,88,trackhouse_racing,Trackhouse Racing,chevrolet,Chevrolet,xgb_road_specialist,14.811482429504395,road_course,27
2026,22,cup_2026_r22,5619,Brickyard 400,indianapolis_motor_speedway,Indianapolis Motor Speedway,large_speedway,cluster_4,2026-07-26,shane_van_gisbergen,Shane van Gisbergen,97,trackhouse_racing,Trackhouse Racing,chevrolet,Chevrolet,xgb_road_specialist,20.06212043762207,road_course,15
2026,22,cup_2026_r22,5619,Brickyard 400,indianapolis_motor_speedway,Indianapolis Motor Speedway,large_speedway,cluster_4,2026-07-26,ross_chastain,Ross Chastain,1,trackhouse_racing,Trackhouse Racing,chevrolet,Chevrolet,xgb_short_steep_specialist,20.598081588745117,short_steep_oval,16
2026,22,cup_2026_r22,5619,Brickyard 400,indianapolis_motor_speedway,Indianapolis Motor Speedway,large_speedway,cluster_4,2026-07-26,austin_cindric,Austin Cindric,2,team_penske,Team Penske,ford,Ford,xgb_short_steep_specialist,23.138389587402344,short_steep_oval,13
2026,22,cup_2026_r22,5619,Brickyard 400,indianapolis_motor_speedway,Indianapolis Motor Speedway,large_speedway,cluster_4,2026-07-26,austin_dillon,Austin Dillon,3,richard_childress_racing,Richard Childress Racing,chevrolet,Chevrolet,xgb_short_steep_specialist,14.828694343566895,short_steep_oval,25
2026,22,cup_2026_r22,5619,Brickyard 400,indianapolis_motor_speedway,Indianapolis Motor Speedway,large_speedway,cluster_4,2026-07-26,noah_gragson,Noah Gragson,4,front_row_motorsports,Front Row Motorsports,ford,Ford,xgb_short_steep_specialist,11.846833229064941,short_steep_oval,32
2026,22,cup_2026_r22,5619,Brickyard 400,indianapolis_motor_speedway,Indianapolis Motor Speedway,large_speedway,cluster_4,2026-07-26,kyle_larson,Kyle Larson,5,hendrick_motorsports,Hendrick Motorsports,chevrolet,Chevrolet,xgb_short_steep_specialist,33.237205505371094,short_steep_oval,1
2026,22,cup_2026_r22,5619,Brickyard 400,indianapolis_motor_speedway,Indianapolis Motor Speedway,large_speedway,cluster_4,2026-07-26,brad_keselowski,Brad Keselowski,6,rfk_racing,RFK Racing,ford,Ford,xgb_short_steep_specialist,21.03897476196289,short_steep_oval,15
2026,22,cup_2026_r22,5619,Brickyard 400,indianapolis_motor_speedway,Indianapolis Motor Speedway,large_speedway,cluster_4,2026-07-26,daniel_suarez,Daniel Suarez,7,spire_motorsports,Spire Motorsports,chevrolet,Chevrolet,xgb_short_steep_specialist,20.466617584228516,short_steep_oval,17
2026,22,cup_2026_r22,5619,Brickyard 400,indianapolis_motor_speedway,Indianapolis Motor Speedway,large_speedway,cluster_4,2026-07-26,chase_elliott,Chase Elliott,9,hendrick_motorsports,Hendrick Motorsports,chevrolet,Chevrolet,xgb_short_steep_specialist,25.95172882080078,short_steep_oval,9
2026,22,cup_2026_r22,5619,Brickyard 400,indianapolis_motor_speedway,Indianapolis Motor Speedway,large_speedway,cluster_4,2026-07-26,ty_dillon,Ty Dillon,10,kaulig_racing,Kaulig Racing,chevrolet,Chevrolet,xgb_short_steep_specialist,11.220865249633789,short_steep_oval,33
2026,22,cup_2026_r22,5619,Brickyard 400,indianapolis_motor_speedway,Indianapolis Motor Speedway,large_speedway,cluster_4,2026-07-26,denny_hamlin,Denny Hamlin,11,joe_gibbs_racing,Joe Gibbs Racing,toyota,Toyota,xgb_short_steep_specialist,29.31654167175293,short_steep_oval,5
2026,22,cup_2026_r22,5619,Brickyard 400,indianapolis_motor_speedway,Indianapolis Motor Speedway,large_speedway,cluster_4,2026-07-26,ryan_blaney,Ryan Blaney,12,team_penske,Team Penske,ford,Ford,xgb_short_steep_specialist,30.674339294433594,short_steep_oval,2
2026,22,cup_2026_r22,5619,Brickyard 400,indianapolis_motor_speedway,Indianapolis Motor Speedway,large_speedway,cluster_4,2026-07-26,aj_allmendinger,A.J. Allmendinger,16,kaulig_racing,Kaulig Racing,chevrolet,Chevrolet,xgb_short_steep_specialist,14.615052223205566,short_steep_oval,26
2026,22,cup_2026_r22,5619,Brickyard 400,indianapolis_motor_speedway,Indianapolis Motor Speedway,large_speedway,cluster_4,2026-07-26,chris_buescher,Chris Buescher,17,rfk_racing,RFK Racing,ford,Ford,xgb_short_steep_specialist,21.529287338256836,short_steep_oval,14
2026,22,cup_2026_r22,5619,Brickyard 400,indianapolis_motor_speedway,Indianapolis Motor Speedway,large_speedway,cluster_4,2026-07-26,chase_briscoe,Chase Briscoe,19,joe_gibbs_racing,Joe Gibbs Racing,toyota,Toyota,xgb_short_steep_specialist,30.000139236450195,short_steep_oval,4
2026,22,cup_2026_r22,5619,Brickyard 400,indianapolis_motor_speedway,Indianapolis Motor Speedway,large_speedway,cluster_4,2026-07-26,christopher_bell,Christopher Bell,20,joe_gibbs_racing,Joe Gibbs Racing,toyota,Toyota,xgb_short_steep_specialist,28.027450561523438,short_steep_oval,7
2026,22,cup_2026_r22,5619,Brickyard 400,indianapolis_motor_speedway,Indianapolis Motor Speedway,large_speedway,cluster_4,2026-07-26,josh_berry,Josh Berry,21,wood_brothers_racing,Wood Brothers Racing,ford,Ford,xgb_short_steep_specialist,10.957295417785645,short_steep_oval,34
2026,22,cup_2026_r22,5619,Brickyard 400,indianapolis_motor_speedway,Indianapolis Motor Speedway,large_speedway,cluster_4,2026-07-26,joey_logano,Joey Logano,22,team_penske,Team Penske,ford,Ford,xgb_short_steep_specialist,25.503374099731445,short_steep_oval,10
2026,22,cup_2026_r22,5619,Brickyard 400,indianapolis_motor_speedway,Indianapolis Motor Speedway,large_speedway,cluster_4,2026-07-26,bubba_wallace,Bubba Wallace,23,23xi_racing,23XI Racing,toyota,Toyota,xgb_short_steep_specialist,24.577625274658203,short_steep_oval,12
2026,22,cup_2026_r22,5619,Brickyard 400,indianapolis_motor_speedway,Indianapolis Motor Speedway,large_speedway,cluster_4,2026-07-26,william_byron,William Byron,24,hendrick_motorsports,Hendrick Motorsports,chevrolet,Chevrolet,xgb_short_steep_specialist,26.30060386657715,short_steep_oval,8
2026,22,cup_2026_r22,5619,Brickyard 400,indianapolis_motor_speedway,Indianapolis Motor Speedway,large_speedway,cluster_4,2026-07-26,austin_hill,Austin Hill,33,richard_childress_racing,Richard Childress Racing,chevrolet,Chevrolet,xgb_short_steep_specialist,3.1403021812438965,short_steep_oval,36
2026,22,cup_2026_r22,5619,Brickyard 400,indianapolis_motor_speedway,Indianapolis Motor Speedway,large_speedway,cluster_4,2026-07-26,todd_gilliland,Todd Gilliland,34,front_row_motorsports,Front Row Motorsports,ford,Ford,xgb_short_steep_specialist,12.64145565032959,short_steep_oval,30
2026,22,cup_2026_r22,5619,Brickyard 400,indianapolis_motor_speedway,Indianapolis Motor Speedway,large_speedway,cluster_4,2026-07-26,riley_herbst,Riley Herbst,35,23xi_racing,23XI Racing,toyota,Toyota,xgb_short_steep_specialist,16.093067169189453,short_steep_oval,23
2026,22,cup_2026_r22,5619,Brickyard 400,indianapolis_motor_speedway,Indianapolis Motor Speedway,large_speedway,cluster_4,2026-07-26,zane_smith,Zane Smith,38,front_row_motorsports,Front Row Motorsports,ford,Ford,xgb_short_steep_specialist,14.567878723144531,short_steep_oval,27
2026,22,cup_2026_r22,5619,Brickyard 400,indianapolis_motor_speedway,Indianapolis Motor Speedway,large_speedway,cluster_4,2026-07-26,cole_custer,Cole Custer,41,haas_factory_team,Haas Factory Team,chevrolet,Chevrolet,xgb_short_steep_specialist,13.193854331970215,short_steep_oval,29
2026,22,cup_2026_r22,5619,Brickyard 400,indianapolis_motor_speedway,Indianapolis Motor Speedway,large_speedway,cluster_4,2026-07-26,john_hunter_nemechek,John Hunter Nemechek,42,legacy_motor_club,Legacy Motor Club,toyota,Toyota,xgb_short_steep_specialist,15.80954360961914,short_steep_oval,24
2026,22,cup_2026_r22,5619,Brickyard 400,indianapolis_motor_speedway,Indianapolis Motor Speedway,large_speedway,cluster_4,2026-07-26,erik_jones,Erik Jones,43,legacy_motor_club,Legacy Motor Club,toyota,Toyota,xgb_short_steep_specialist,18.963529586791992,short_steep_oval,20
2026,22,cup_2026_r22,5619,Brickyard 400,indianapolis_motor_speedway,Indianapolis Motor Speedway,large_speedway,cluster_4,2026-07-26,tyler_reddick,Tyler Reddick,45,23xi_racing,23XI Racing,toyota,Toyota,xgb_short_steep_specialist,30.020742416381836,short_steep_oval,3
2026,22,cup_2026_r22,5619,Brickyard 400,indianapolis_motor_speedway,Indianapolis Motor Speedway,large_speedway,cluster_4,2026-07-26,ricky_stenhouse_jr,Ricky Stenhouse Jr.,47,hyak_motorsports,Hyak Motorsports,chevrolet,Chevrolet,xgb_short_steep_specialist,13.534201622009277,short_steep_oval,28
2026,22,cup_2026_r22,5619,Brickyard 400,indianapolis_motor_speedway,Indianapolis Motor Speedway,large_speedway,cluster_4,2026-07-26,alex_bowman,Alex Bowman,48,hendrick_motorsports,Hendrick Motorsports,chevrolet,Chevrolet,xgb_short_steep_specialist,19.9278621673584,short_steep_oval,18
2026,22,cup_2026_r22,5619,Brickyard 400,indianapolis_motor_speedway,Indianapolis Motor Speedway,large_speedway,cluster_4,2026-07-26,cody_ware,Cody Ware,51,rick_ware_racing,Rick Ware Racing,chevrolet,Chevrolet,xgb_short_steep_specialist,4.364403247833252,short_steep_oval,35
2026,22,cup_2026_r22,5619,Brickyard 400,indianapolis_motor_speedway,Indianapolis Motor Speedway,large_speedway,cluster_4,2026-07-26,ty_gibbs,Ty Gibbs,54,joe_gibbs_racing,Joe Gibbs Racing,toyota,Toyota,xgb_short_steep_specialist,28.63495635986328,short_steep_oval,6
2026,22,cup_2026_r22,5619,Brickyard 400,indianapolis_motor_speedway,Indianapolis Motor Speedway,large_speedway,cluster_4,2026-07-26,ryan_preece,Ryan Preece,60,rfk_racing,RFK Racing,ford,Ford,xgb_short_steep_specialist,19.788082122802734,short_steep_oval,19
2026,22,cup_2026_r22,5619,Brickyard 400,indianapolis_motor_speedway,Indianapolis Motor Speedway,large_speedway,cluster_4,2026-07-26,chad_finchum,Chad Finchum,66,garage_66,Garage 66,ford,Ford,xgb_short_steep_specialist,2.2879228591918945,short_steep_oval,37
2026,22,cup_2026_r22,5619,Brickyard 400,indianapolis_motor_speedway,Indianapolis Motor Speedway,large_speedway,cluster_4,2026-07-26,michael_mcdowell,Michael McDowell,71,spire_motorsports,Spire Motorsports,chevrolet,Chevrolet,xgb_short_steep_specialist,17.689722061157227,short_steep_oval,21
2026,22,cup_2026_r22,5619,Brickyard 400,indianapolis_motor_speedway,Indianapolis Motor Speedway,large_speedway,cluster_4,2026-07-26,carson_hocevar,Carson Hocevar,77,spire_motorsports,Spire Motorsports,chevrolet,Chevrolet,xgb_short_steep_specialist,24.70083236694336,short_steep_oval,11
2026,22,cup_2026_r22,5619,Brickyard 400,indianapolis_motor_speedway,Indianapolis Motor Speedway,large_speedway,cluster_4,2026-07-26,connor_zilisch,Connor Zilisch,88,trackhouse_racing,Trackhouse Racing,chevrolet,Chevrolet,xgb_short_steep_specialist,12.08604907989502,short_steep_oval,31
2026,22,cup_2026_r22,5619,Brickyard 400,indianapolis_motor_speedway,Indianapolis Motor Speedway,large_speedway,cluster_4,2026-07-26,shane_van_gisbergen,Shane van Gisbergen,97,trackhouse_racing,Trackhouse Racing,chevrolet,Chevrolet,xgb_short_steep_specialist,16.919628143310547,short_steep_oval,22
2026,22,cup_2026_r22,5619,Brickyard 400,indianapolis_motor_speedway,Indianapolis Motor Speedway,large_speedway,cluster_4,2026-07-26,ross_chastain,Ross Chastain,1,trackhouse_racing,Trackhouse Racing,chevrolet,Chevrolet,xgb_speedway_specialist,20.22013282775879,conventional_speedway,18
2026,22,cup_2026_r22,5619,Brickyard 400,indianapolis_motor_speedway,Indianapolis Motor Speedway,large_speedway,cluster_4,2026-07-26,austin_cindric,Austin Cindric,2,team_penske,Team Penske,ford,Ford,xgb_speedway_specialist,20.950111389160156,conventional_speedway,17
2026,22,cup_2026_r22,5619,Brickyard 400,indianapolis_motor_speedway,Indianapolis Motor Speedway,large_speedway,cluster_4,2026-07-26,austin_dillon,Austin Dillon,3,richard_childress_racing,Richard Childress Racing,chevrolet,Chevrolet,xgb_speedway_specialist,14.78203296661377,conventional_speedway,27
2026,22,cup_2026_r22,5619,Brickyard 400,indianapolis_motor_speedway,Indianapolis Motor Speedway,large_speedway,cluster_4,2026-07-26,noah_gragson,Noah Gragson,4,front_row_motorsports,Front Row Motorsports,ford,Ford,xgb_speedway_specialist,12.188755989074707,conventional_speedway,33
2026,22,cup_2026_r22,5619,Brickyard 400,indianapolis_motor_speedway,Indianapolis Motor Speedway,large_speedway,cluster_4,2026-07-26,kyle_larson,Kyle Larson,5,hendrick_motorsports,Hendrick Motorsports,chevrolet,Chevrolet,xgb_speedway_specialist,32.88202667236328,conventional_speedway,2
2026,22,cup_2026_r22,5619,Brickyard 400,indianapolis_motor_speedway,Indianapolis Motor Speedway,large_speedway,cluster_4,2026-07-26,brad_keselowski,Brad Keselowski,6,rfk_racing,RFK Racing,ford,Ford,xgb_speedway_specialist,21.2813720703125,conventional_speedway,16
2026,22,cup_2026_r22,5619,Brickyard 400,indianapolis_motor_speedway,Indianapolis Motor Speedway,large_speedway,cluster_4,2026-07-26,daniel_suarez,Daniel Suarez,7,spire_motorsports,Spire Motorsports,chevrolet,Chevrolet,xgb_speedway_specialist,22.68825912475586,conventional_speedway,15
2026,22,cup_2026_r22,5619,Brickyard 400,indianapolis_motor_speedway,Indianapolis Motor Speedway,large_speedway,cluster_4,2026-07-26,chase_elliott,Chase Elliott,9,hendrick_motorsports,Hendrick Motorsports,chevrolet,Chevrolet,xgb_speedway_specialist,25.169830322265625,conventional_speedway,9
2026,22,cup_2026_r22,5619,Brickyard 400,indianapolis_motor_speedway,Indianapolis Motor Speedway,large_speedway,cluster_4,2026-07-26,ty_dillon,Ty Dillon,10,kaulig_racing,Kaulig Racing,chevrolet,Chevrolet,xgb_speedway_specialist,11.452847480773926,conventional_speedway,34
2026,22,cup_2026_r22,5619,Brickyard 400,indianapolis_motor_speedway,Indianapolis Motor Speedway,large_speedway,cluster_4,2026-07-26,denny_hamlin,Denny Hamlin,11,joe_gibbs_racing,Joe Gibbs Racing,toyota,Toyota,xgb_speedway_specialist,35.601402282714844,conventional_speedway,1
2026,22,cup_2026_r22,5619,Brickyard 400,indianapolis_motor_speedway,Indianapolis Motor Speedway,large_speedway,cluster_4,2026-07-26,ryan_blaney,Ryan Blaney,12,team_penske,Team Penske,ford,Ford,xgb_speedway_specialist,30.20939064025879,conventional_speedway,3
2026,22,cup_2026_r22,5619,Brickyard 400,indianapolis_motor_speedway,Indianapolis Motor Speedway,large_speedway,cluster_4,2026-07-26,aj_allmendinger,A.J. Allmendinger,16,kaulig_racing,Kaulig Racing,chevrolet,Chevrolet,xgb_speedway_specialist,14.974074363708496,conventional_speedway,26
2026,22,cup_2026_r22,5619,Brickyard 400,indianapolis_motor_speedway,Indianapolis Motor Speedway,large_speedway,cluster_4,2026-07-26,chris_buescher,Chris Buescher,17,rfk_racing,RFK Racing,ford,Ford,xgb_speedway_specialist,24.532394409179688,conventional_speedway,10
2026,22,cup_2026_r22,5619,Brickyard 400,indianapolis_motor_speedway,Indianapolis Motor Speedway,large_speedway,cluster_4,2026-07-26,chase_briscoe,Chase Briscoe,19,joe_gibbs_racing,Joe Gibbs Racing,toyota,Toyota,xgb_speedway_specialist,27.26887321472168,conventional_speedway,5
2026,22,cup_2026_r22,5619,Brickyard 400,indianapolis_motor_speedway,Indianapolis Motor Speedway,large_speedway,cluster_4,2026-07-26,christopher_bell,Christopher Bell,20,joe_gibbs_racing,Joe Gibbs Racing,toyota,Toyota,xgb_speedway_specialist,25.760622024536133,conventional_speedway,8
2026,22,cup_2026_r22,5619,Brickyard 400,indianapolis_motor_speedway,Indianapolis Motor Speedway,large_speedway,cluster_4,2026-07-26,josh_berry,Josh Berry,21,wood_brothers_racing,Wood Brothers Racing,ford,Ford,xgb_speedway_specialist,12.923147201538086,conventional_speedway,32
2026,22,cup_2026_r22,5619,Brickyard 400,indianapolis_motor_speedway,Indianapolis Motor Speedway,large_speedway,cluster_4,2026-07-26,joey_logano,Joey Logano,22,team_penske,Team Penske,ford,Ford,xgb_speedway_specialist,23.54359245300293,conventional_speedway,13
2026,22,cup_2026_r22,5619,Brickyard 400,indianapolis_motor_speedway,Indianapolis Motor Speedway,large_speedway,cluster_4,2026-07-26,bubba_wallace,Bubba Wallace,23,23xi_racing,23XI Racing,toyota,Toyota,xgb_speedway_specialist,23.38357162475586,conventional_speedway,14
2026,22,cup_2026_r22,5619,Brickyard 400,indianapolis_motor_speedway,Indianapolis Motor Speedway,large_speedway,cluster_4,2026-07-26,william_byron,William Byron,24,hendrick_motorsports,Hendrick Motorsports,chevrolet,Chevrolet,xgb_speedway_specialist,26.313922882080078,conventional_speedway,7
2026,22,cup_2026_r22,5619,Brickyard 400,indianapolis_motor_speedway,Indianapolis Motor Speedway,large_speedway,cluster_4,2026-07-26,austin_hill,Austin Hill,33,richard_childress_racing,Richard Childress Racing,chevrolet,Chevrolet,xgb_speedway_specialist,1.4925744533538818,conventional_speedway,37
2026,22,cup_2026_r22,5619,Brickyard 400,indianapolis_motor_speedway,Indianapolis Motor Speedway,large_speedway,cluster_4,2026-07-26,todd_gilliland,Todd Gilliland,34,front_row_motorsports,Front Row Motorsports,ford,Ford,xgb_speedway_specialist,14.26231575012207,conventional_speedway,28
2026,22,cup_2026_r22,5619,Brickyard 400,indianapolis_motor_speedway,Indianapolis Motor Speedway,large_speedway,cluster_4,2026-07-26,riley_herbst,Riley Herbst,35,23xi_racing,23XI Racing,toyota,Toyota,xgb_speedway_specialist,15.535703659057617,conventional_speedway,25
2026,22,cup_2026_r22,5619,Brickyard 400,indianapolis_motor_speedway,Indianapolis Motor Speedway,large_speedway,cluster_4,2026-07-26,zane_smith,Zane Smith,38,front_row_motorsports,Front Row Motorsports,ford,Ford,xgb_speedway_specialist,15.955134391784668,conventional_speedway,24
2026,22,cup_2026_r22,5619,Brickyard 400,indianapolis_motor_speedway,Indianapolis Motor Speedway,large_speedway,cluster_4,2026-07-26,cole_custer,Cole Custer,41,haas_factory_team,Haas Factory Team,chevrolet,Chevrolet,xgb_speedway_specialist,14.19075870513916,conventional_speedway,30
2026,22,cup_2026_r22,5619,Brickyard 400,indianapolis_motor_speedway,Indianapolis Motor Speedway,large_speedway,cluster_4,2026-07-26,john_hunter_nemechek,John Hunter Nemechek,42,legacy_motor_club,Legacy Motor Club,toyota,Toyota,xgb_speedway_specialist,18.57433319091797,conventional_speedway,21
2026,22,cup_2026_r22,5619,Brickyard 400,indianapolis_motor_speedway,Indianapolis Motor Speedway,large_speedway,cluster_4,2026-07-26,erik_jones,Erik Jones,43,legacy_motor_club,Legacy Motor Club,toyota,Toyota,xgb_speedway_specialist,24.031747817993164,conventional_speedway,11
2026,22,cup_2026_r22,5619,Brickyard 400,indianapolis_motor_speedway,Indianapolis Motor Speedway,large_speedway,cluster_4,2026-07-26,tyler_reddick,Tyler Reddick,45,23xi_racing,23XI Racing,toyota,Toyota,xgb_speedway_specialist,28.449525833129883,conventional_speedway,4
2026,22,cup_2026_r22,5619,Brickyard 400,indianapolis_motor_speedway,Indianapolis Motor Speedway,large_speedway,cluster_4,2026-07-26,ricky_stenhouse_jr,Ricky Stenhouse Jr.,47,hyak_motorsports,Hyak Motorsports,chevrolet,Chevrolet,xgb_speedway_specialist,14.234070777893066,conventional_speedway,29
2026,22,cup_2026_r22,5619,Brickyard 400,indianapolis_motor_speedway,Indianapolis Motor Speedway,large_speedway,cluster_4,2026-07-26,alex_bowman,Alex Bowman,48,hendrick_motorsports,Hendrick Motorsports,chevrolet,Chevrolet,xgb_speedway_specialist,19.92778968811035,conventional_speedway,19
2026,22,cup_2026_r22,5619,Brickyard 400,indianapolis_motor_speedway,Indianapolis Motor Speedway,large_speedway,cluster_4,2026-07-26,cody_ware,Cody Ware,51,rick_ware_racing,Rick Ware Racing,chevrolet,Chevrolet,xgb_speedway_specialist,7.635277271270752,conventional_speedway,35
2026,22,cup_2026_r22,5619,Brickyard 400,indianapolis_motor_speedway,Indianapolis Motor Speedway,large_speedway,cluster_4,2026-07-26,ty_gibbs,Ty Gibbs,54,joe_gibbs_racing,Joe Gibbs Racing,toyota,Toyota,xgb_speedway_specialist,26.7458553314209,conventional_speedway,6
2026,22,cup_2026_r22,5619,Brickyard 400,indianapolis_motor_speedway,Indianapolis Motor Speedway,large_speedway,cluster_4,2026-07-26,ryan_preece,Ryan Preece,60,rfk_racing,RFK Racing,ford,Ford,xgb_speedway_specialist,19.424732208251953,conventional_speedway,20
2026,22,cup_2026_r22,5619,Brickyard 400,indianapolis_motor_speedway,Indianapolis Motor Speedway,large_speedway,cluster_4,2026-07-26,chad_finchum,Chad Finchum,66,garage_66,Garage 66,ford,Ford,xgb_speedway_specialist,2.703728437423706,conventional_speedway,36
2026,22,cup_2026_r22,5619,Brickyard 400,indianapolis_motor_speedway,Indianapolis Motor Speedway,large_speedway,cluster_4,2026-07-26,michael_mcdowell,Michael McDowell,71,spire_motorsports,Spire Motorsports,chevrolet,Chevrolet,xgb_speedway_specialist,17.820127487182617,conventional_speedway,22
2026,22,cup_2026_r22,5619,Brickyard 400,indianapolis_motor_speedway,Indianapolis Motor Speedway,large_speedway,cluster_4,2026-07-26,carson_hocevar,Carson Hocevar,77,spire_motorsports,Spire Motorsports,chevrolet,Chevrolet,xgb_speedway_specialist,23.720529556274414,conventional_speedway,12
2026,22,cup_2026_r22,5619,Brickyard 400,indianapolis_motor_speedway,Indianapolis Motor Speedway,large_speedway,cluster_4,2026-07-26,connor_zilisch,Connor Zilisch,88,trackhouse_racing,Trackhouse Racing,chevrolet,Chevrolet,xgb_speedway_specialist,13.244040489196777,conventional_speedway,31
2026,22,cup_2026_r22,5619,Brickyard 400,indianapolis_motor_speedway,Indianapolis Motor Speedway,large_speedway,cluster_4,2026-07-26,shane_van_gisbergen,Shane van Gisbergen,97,trackhouse_racing,Trackhouse Racing,chevrolet,Chevrolet,xgb_speedway_specialist,17.647546768188477,conventional_speedway,23
2026,22,cup_2026_r22,5619,Brickyard 400,indianapolis_motor_speedway,Indianapolis Motor Speedway,large_speedway,cluster_4,2026-07-26,ross_chastain,Ross Chastain,1,trackhouse_racing,Trackhouse Racing,chevrolet,Chevrolet,routed_consensus,20.64234129051873,conventional_speedway,17
2026,22,cup_2026_r22,5619,Brickyard 400,indianapolis_motor_speedway,Indianapolis Motor Speedway,large_speedway,cluster_4,2026-07-26,austin_cindric,Austin Cindric,2,team_penske,Team Penske,ford,Ford,routed_consensus,21.689958902352913,conventional_speedway,16
2026,22,cup_2026_r22,5619,Brickyard 400,indianapolis_motor_speedway,Indianapolis Motor Speedway,large_speedway,cluster_4,2026-07-26,austin_dillon,Austin Dillon,3,richard_childress_racing,Richard Childress Racing,chevrolet,Chevrolet,routed_consensus,15.176507381055202,conventional_speedway,27
2026,22,cup_2026_r22,5619,Brickyard 400,indianapolis_motor_speedway,Indianapolis Motor Speedway,large_speedway,cluster_4,2026-07-26,noah_gragson,Noah Gragson,4,front_row_motorsports,Front Row Motorsports,ford,Ford,routed_consensus,11.690266138326647,conventional_speedway,32
2026,22,cup_2026_r22,5619,Brickyard 400,indianapolis_motor_speedway,Indianapolis Motor Speedway,large_speedway,cluster_4,2026-07-26,kyle_larson,Kyle Larson,5,hendrick_motorsports,Hendrick Motorsports,chevrolet,Chevrolet,routed_consensus,30.234197517309216,conventional_speedway,3
2026,22,cup_2026_r22,5619,Brickyard 400,indianapolis_motor_speedway,Indianapolis Motor Speedway,large_speedway,cluster_4,2026-07-26,brad_keselowski,Brad Keselowski,6,rfk_racing,RFK Racing,ford,Ford,routed_consensus,20.03303854486735,conventional_speedway,18
2026,22,cup_2026_r22,5619,Brickyard 400,indianapolis_motor_speedway,Indianapolis Motor Speedway,large_speedway,cluster_4,2026-07-26,daniel_suarez,Daniel Suarez,7,spire_motorsports,Spire Motorsports,chevrolet,Chevrolet,routed_consensus,22.34772303919395,conventional_speedway,15
2026,22,cup_2026_r22,5619,Brickyard 400,indianapolis_motor_speedway,Indianapolis Motor Speedway,large_speedway,cluster_4,2026-07-26,chase_elliott,Chase Elliott,9,hendrick_motorsports,Hendrick Motorsports,chevrolet,Chevrolet,routed_consensus,26.226814812918235,conventional_speedway,8
2026,22,cup_2026_r22,5619,Brickyard 400,indianapolis_motor_speedway,Indianapolis Motor Speedway,large_speedway,cluster_4,2026-07-26,ty_dillon,Ty Dillon,10,kaulig_racing,Kaulig Racing,chevrolet,Chevrolet,routed_consensus,11.338525151267831,conventional_speedway,34
2026,22,cup_2026_r22,5619,Brickyard 400,indianapolis_motor_speedway,Indianapolis Motor Speedway,large_speedway,cluster_4,2026-07-26,denny_hamlin,Denny Hamlin,11,joe_gibbs_racing,Joe Gibbs Racing,toyota,Toyota,routed_consensus,35.18926961745047,conventional_speedway,1
2026,22,cup_2026_r22,5619,Brickyard 400,indianapolis_motor_speedway,Indianapolis Motor Speedway,large_speedway,cluster_4,2026-07-26,ryan_blaney,Ryan Blaney,12,team_penske,Team Penske,ford,Ford,routed_consensus,30.912479395466406,conventional_speedway,2
2026,22,cup_2026_r22,5619,Brickyard 400,indianapolis_motor_speedway,Indianapolis Motor Speedway,large_speedway,cluster_4,2026-07-26,aj_allmendinger,A.J. Allmendinger,16,kaulig_racing,Kaulig Racing,chevrolet,Chevrolet,routed_consensus,15.487976950652259,conventional_speedway,26
2026,22,cup_2026_r22,5619,Brickyard 400,indianapolis_motor_speedway,Indianapolis Motor Speedway,large_speedway,cluster_4,2026-07-26,chris_buescher,Chris Buescher,17,rfk_racing,RFK Racing,ford,Ford,routed_consensus,24.711506537677703,conventional_speedway,11
2026,22,cup_2026_r22,5619,Brickyard 400,indianapolis_motor_speedway,Indianapolis Motor Speedway,large_speedway,cluster_4,2026-07-26,chase_briscoe,Chase Briscoe,19,joe_gibbs_racing,Joe Gibbs Racing,toyota,Toyota,routed_consensus,26.355324769307465,conventional_speedway,7
2026,22,cup_2026_r22,5619,Brickyard 400,indianapolis_motor_speedway,Indianapolis Motor Speedway,large_speedway,cluster_4,2026-07-26,christopher_bell,Christopher Bell,20,joe_gibbs_racing,Joe Gibbs Racing,toyota,Toyota,routed_consensus,25.762560038840668,conventional_speedway,9
2026,22,cup_2026_r22,5619,Brickyard 400,indianapolis_motor_speedway,Indianapolis Motor Speedway,large_speedway,cluster_4,2026-07-26,josh_berry,Josh Berry,21,wood_brothers_racing,Wood Brothers Racing,ford,Ford,routed_consensus,11.452706903854965,conventional_speedway,33
2026,22,cup_2026_r22,5619,Brickyard 400,indianapolis_motor_speedway,Indianapolis Motor Speedway,large_speedway,cluster_4,2026-07-26,joey_logano,Joey Logano,22,team_penske,Team Penske,ford,Ford,routed_consensus,22.922751557858795,conventional_speedway,14
2026,22,cup_2026_r22,5619,Brickyard 400,indianapolis_motor_speedway,Indianapolis Motor Speedway,large_speedway,cluster_4,2026-07-26,bubba_wallace,Bubba Wallace,23,23xi_racing,23XI Racing,toyota,Toyota,routed_consensus,23.20902193971767,conventional_speedway,13
2026,22,cup_2026_r22,5619,Brickyard 400,indianapolis_motor_speedway,Indianapolis Motor Speedway,large_speedway,cluster_4,2026-07-26,william_byron,William Byron,24,hendrick_motorsports,Hendrick Motorsports,chevrolet,Chevrolet,routed_consensus,26.67764244244403,conventional_speedway,6
2026,22,cup_2026_r22,5619,Brickyard 400,indianapolis_motor_speedway,Indianapolis Motor Speedway,large_speedway,cluster_4,2026-07-26,austin_hill,Austin Hill,33,richard_childress_racing,Richard Childress Racing,chevrolet,Chevrolet,routed_consensus,1.6001532852649687,conventional_speedway,37
2026,22,cup_2026_r22,5619,Brickyard 400,indianapolis_motor_speedway,Indianapolis Motor Speedway,large_speedway,cluster_4,2026-07-26,todd_gilliland,Todd Gilliland,34,front_row_motorsports,Front Row Motorsports,ford,Ford,routed_consensus,14.804031558718535,conventional_speedway,29
2026,22,cup_2026_r22,5619,Brickyard 400,indianapolis_motor_speedway,Indianapolis Motor Speedway,large_speedway,cluster_4,2026-07-26,riley_herbst,Riley Herbst,35,23xi_racing,23XI Racing,toyota,Toyota,routed_consensus,16.05396000181379,conventional_speedway,25
2026,22,cup_2026_r22,5619,Brickyard 400,indianapolis_motor_speedway,Indianapolis Motor Speedway,large_speedway,cluster_4,2026-07-26,zane_smith,Zane Smith,38,front_row_motorsports,Front Row Motorsports,ford,Ford,routed_consensus,16.154827829180057,conventional_speedway,24
2026,22,cup_2026_r22,5619,Brickyard 400,indianapolis_motor_speedway,Indianapolis Motor Speedway,large_speedway,cluster_4,2026-07-26,cole_custer,Cole Custer,41,haas_factory_team,Haas Factory Team,chevrolet,Chevrolet,routed_consensus,13.446850148272748,conventional_speedway,30
2026,22,cup_2026_r22,5619,Brickyard 400,indianapolis_motor_speedway,Indianapolis Motor Speedway,large_speedway,cluster_4,2026-07-26,john_hunter_nemechek,John Hunter Nemechek,42,legacy_motor_club,Legacy Motor Club,toyota,Toyota,routed_consensus,19.05213207346474,conventional_speedway,20
2026,22,cup_2026_r22,5619,Brickyard 400,indianapolis_motor_speedway,Indianapolis Motor Speedway,large_speedway,cluster_4,2026-07-26,erik_jones,Erik Jones,43,legacy_motor_club,Legacy Motor Club,toyota,Toyota,routed_consensus,23.259814962245418,conventional_speedway,12
2026,22,cup_2026_r22,5619,Brickyard 400,indianapolis_motor_speedway,Indianapolis Motor Speedway,large_speedway,cluster_4,2026-07-26,tyler_reddick,Tyler Reddick,45,23xi_racing,23XI Racing,toyota,Toyota,routed_consensus,27.47409836846351,conventional_speedway,4
2026,22,cup_2026_r22,5619,Brickyard 400,indianapolis_motor_speedway,Indianapolis Motor Speedway,large_speedway,cluster_4,2026-07-26,ricky_stenhouse_jr,Ricky Stenhouse Jr.,47,hyak_motorsports,Hyak Motorsports,chevrolet,Chevrolet,routed_consensus,15.129610352032842,conventional_speedway,28
2026,22,cup_2026_r22,5619,Brickyard 400,indianapolis_motor_speedway,Indianapolis Motor Speedway,large_speedway,cluster_4,2026-07-26,alex_bowman,Alex Bowman,48,hendrick_motorsports,Hendrick Motorsports,chevrolet,Chevrolet,routed_consensus,19.609951236994764,conventional_speedway,19
2026,22,cup_2026_r22,5619,Brickyard 400,indianapolis_motor_speedway,Indianapolis Motor Speedway,large_speedway,cluster_4,2026-07-26,cody_ware,Cody Ware,51,rick_ware_racing,Rick Ware Racing,chevrolet,Chevrolet,routed_consensus,7.568006357684875,conventional_speedway,35
2026,22,cup_2026_r22,5619,Brickyard 400,indianapolis_motor_speedway,Indianapolis Motor Speedway,large_speedway,cluster_4,2026-07-26,ty_gibbs,Ty Gibbs,54,joe_gibbs_racing,Joe Gibbs Racing,toyota,Toyota,routed_consensus,26.97043458381887,conventional_speedway,5
2026,22,cup_2026_r22,5619,Brickyard 400,indianapolis_motor_speedway,Indianapolis Motor Speedway,large_speedway,cluster_4,2026-07-26,ryan_preece,Ryan Preece,60,rfk_racing,RFK Racing,ford,Ford,routed_consensus,19.01500628501781,conventional_speedway,21
2026,22,cup_2026_r22,5619,Brickyard 400,indianapolis_motor_speedway,Indianapolis Motor Speedway,large_speedway,cluster_4,2026-07-26,chad_finchum,Chad Finchum,66,garage_66,Garage 66,ford,Ford,routed_consensus,2.485079896192585,conventional_speedway,36
2026,22,cup_2026_r22,5619,Brickyard 400,indianapolis_motor_speedway,Indianapolis Motor Speedway,large_speedway,cluster_4,2026-07-26,michael_mcdowell,Michael McDowell,71,spire_motorsports,Spire Motorsports,chevrolet,Chevrolet,routed_consensus,17.54595314037865,conventional_speedway,23
2026,22,cup_2026_r22,5619,Brickyard 400,indianapolis_motor_speedway,Indianapolis Motor Speedway,large_speedway,cluster_4,2026-07-26,carson_hocevar,Carson Hocevar,77,spire_motorsports,Spire Motorsports,chevrolet,Chevrolet,routed_consensus,24.86805511637559,conventional_speedway,10
2026,22,cup_2026_r22,5619,Brickyard 400,indianapolis_motor_speedway,Indianapolis Motor Speedway,large_speedway,cluster_4,2026-07-26,connor_zilisch,Connor Zilisch,88,trackhouse_racing,Trackhouse Racing,chevrolet,Chevrolet,routed_consensus,12.745647781397153,conventional_speedway,31
2026,22,cup_2026_r22,5619,Brickyard 400,indianapolis_motor_speedway,Indianapolis Motor Speedway,large_speedway,cluster_4,2026-07-26,shane_van_gisbergen,Shane van Gisbergen,97,trackhouse_racing,Trackhouse Racing,chevrolet,Chevrolet,routed_consensus,18.177015928128974,conventional_speedway,22
